Index,Plate,Row,Col,Volume（microliter）,Concentration（mM）,Solvent,ID,Name,Synonyms,CAS,SMILES,Formula,MolWt,Pathways,Target,Receptor,Bioactivity,Reference
1,PHD215176,a,2,50,10,DMSO,T0138,Cefpiramide acid,Cefpiramidum;Cefpiramido,70797-11-4,[H][C@]12SCC(CSc3nnnn3C)=C(N1C(=O)[C@H]2NC(=O)[C@H](NC(=O)c1cnc(C)cc1O)c1ccc(O)cc1)C(O)=O,C25H24N8O7S2,612.64,Microbiology/Virology,Antibacterial;Antibiotic,PBPs,Cefpiramide acid (Cefpiramidum) is a third-generation cephalosporin antibiotic.,"Fass RJ, Helsel VL. Diagn Microbiol Infect Dis. 1986 Jan;4(1):77-81."
2,PHD215176,a,3,50,10,DMSO,T0198,Ceftiofur sodium,Naxcel;Sodium ceftiofur,104010-37-9,C(O)(=O)C=1N2[C@@]([C@H](NC(/C(=N\OC)/C3=CSC(N)=N3)=O)C2=O)(SCC1CSC(=O)C4=CC=CO4)[H].[Na],C19H16N5NaO7S3,545.54,Immunology/Inflammation;NF-κB;Microbiology/Virology;Apoptosis;MAPK,NF-κB;Antibacterial;Antibiotic;Interleukin;p38 MAPK;TNF,Antibacterial; Antibiotic; Bacterial,"Ceftiofur sodium (Naxcel), an antibiotic of the cephalosporin type (third generation), is used as veterinary medicine.","Yancey RJ Jr, et al. Am J Vet Res. 1987 Jul; 48(7): 1050-3."
3,PHD215176,a,4,50,10,DMSO,T0199,Cephradine,Anspor;Cephradin;Velosef;SQ-11436;Sefril,38821-53-3,CC1=C(N2C(SC1)C(NC(=O)C(N)C1=CCC=CC1)C2=O)C(O)=O,C16H19N3O4S,349.40,Microbiology/Virology;MAPK,Antibacterial;Antibiotic;TOPK,Antibiotic; Bacterial; PBPs; TOPK,"Cephradine (Anspor) is a beta-lactam, first-generation cephalosporin antibiotic with bactericidal activity.","Hassert GL, et al. Antimicrob Agents Chemother. 1973 Jun;3(6):682-5.;Han HK, et al. J Pharm Sci. 1999, 88(3):347-50."
4,PHD215176,a,5,50,10,DMSO,T0234,Methicillin sodium salt,Methicillin sodium;Meticillin sodium,132-92-3,O=C(N[C@@H]1C(N2[C@]1([H])SC(C)(C)[C@@H]2C([O-])=O)=O)C3=C(OC)C=CC=C3OC.[Na+],C17H19N2NaO6S,402.40,Microbiology/Virology,Antibacterial;Antibiotic,Antibiotic; Bacterial; PBPs,"Methicillin sodium salt (Meticillin sodium) is a β-lactam antibiotic (natural product), a penicillin-binding protein inhibitor (anti-Staphylococcus aureus MIC=2.1 μg/mL), used for research on Staphylococcus aureus infections and inflammation-related studies.","Lincoln LJ, et al. Penicillinase-resistant penicillins plus gentamicin in experimental enterococcal endocarditis. Antimicrob Agents Chemother. 1977 Oct;12(4):484-9.;Mandell GL, Vest TK. Killing of intraleukocytic Staphylococcus aureus by rifampin: in-vitro and in-vivo studies. J Infect Dis. 1972 May;125(5):486-90."
5,PHD215176,a,6,50,10,DMSO,T0366,Cefadroxil,BL-S 578,50370-12-2,[H][C@]12SCC(C)=C(N1C(=O)[C@H]2NC(=O)[C@H](N)c1ccc(O)cc1)C(O)=O,C16H17N3O5S,363.39,Microbiology/Virology;Metabolism,Antibacterial;Antibiotic;transporter,Antibiotic; Bacterial; PBPs,Cefadroxil (BL-S 578) is a Cephalosporin Antibacterial. The chemical classification of cefadroxil anhydrous is Cephalosporins.,"Williamson R, et al. Antimicrob Agents ChemOthers. 1980 Oct;18(4):629-37."
6,PHD215176,a,7,50,10,DMSO,T1001,Dicloxacillin Sodium hydrate,Dicloxacillin sodium salt monohydrate;Dicloxacillin sodium monohydrate,13412-64-1,[O-]C([C@@H]1N2[C@@](SC1(C)C)([H])[C@@H](C2=O)NC(C3=C(C)ON=C3C4=C(C=CC=C4Cl)Cl)=O)=O.[Na+].O,C19H18Cl2N3NaO6S,510.32,Microbiology/Virology,Antibacterial;Antibiotic,Antibacterial; Antibiotic; Bacterial,"Dicloxacillin Sodium hydrate is a narrow-spectrum β-Lactam antibiotic of the penicillin class, used to treat infections caused by susceptible Gram-positive bacteria.","Villegas-Guzman P, et al. J Environ Sci Health A Tox Hazard Subst Environ Eng. 2015;50(1):40-8."
7,PHD215176,a,8,50,10,DMSO,T1005,Amoxicillin,Amoxycillin,26787-78-0,[H][C@]12SC(C)(C)[C@@H](N1C(=O)[C@H]2NC(=O)[C@H](N)c1ccc(O)cc1)C(O)=O,C16H19N3O5S,365.4,Microbiology/Virology,Antibacterial;Antibiotic,antibiotic; Bacterial,"Amoxicillin (Amoxycillin) binds to and inactivates penicillin-binding proteins (PBPs) located on the inner membrane of the bacterial cell wall. Amoxicillin Anhydrous is the anhydrous form of a broad-spectrum, semisynthetic aminopenicillin antibiotic with bactericidal activity. Inactivation of PBPs interferes with the cross-linkage of peptidoglycan chains necessary for bacterial cell wall strength and rigidity. This interrupts bacterial cell wall synthesis and results in the weakening of the bacterial cell wall and causes cell lysis.","Cynamon MH, et al. Antimicrob Agents Chemother, 1983, 24(3), 429-431.;Shen X, Zhang W, Peng C, et al. In vitro anti‐bacterial activity and network pharmacology analysis of Sanguisorba officinalis L. against Helicobacter pylori infection[J]. Chinese medicine. 2021, 16(1): 1-19.;Yawalkar N, et al. J Invest Dermatol, 2000, 115(4), 647-652.;Mainardi JL, et al. Antimicrob Agents Chemother, 1995, 39(9), 1984-1987.;Liu Z, et al. J Control Release, 2005, 102(1), 135-144."
8,PHD215176,a,9,50,10,DMSO,T1008,Cephalexin,Cefalexin;Cephacillin,15686-71-2,O=C1N2[C@@]([C@@H]1NC([C@H](N)C3=CC=CC=C3)=O)(SCC(C)=C2C(O)=O)[H],C16H17N3O4S,347.39,Microbiology/Virology,Antibacterial;Antibiotic,Antibiotic; Bacterial; PBPs,Cephalexin (Cephacillin) is a cephalosporin antibiotic.,"Chen Y, Zhu Y, Shen M, et al. Rapid and automated detection of six contaminants in milk using a centrifugal microfluidic platform with two rotation axes[J]. Analytical Chemistry. 2019 May 24.;Webb JA, et al. Am J Vet Res, 2006, 67(4), 569-576.;Watanabe S, et al. J Pharmacol Exp Ther, 2010, 334(2), 651-656.;Zarebska A, et al. Ann Univ Mariae Curie Sklodowska Med, 2004, 59(1), 145-150.;Rees CA, et al. J Am Vet Med Assoc, 2004, 224(9), 1455-1458.;Damborg P, et al. Vet Microbiol, 2011, 151(3-4), 404-408."
9,PHD215176,a,10,50,10,DMSO,T1031,Cloxacillin sodium monohydrate,Bactopen,7081-44-9,[Na+].O.[C@H]12N([C@H](C(S2)(C)C)C(=O)[O-])C(=O)[C@H]1NC(=O)c1c(c2c(cccc2)Cl)noc1C,C19H17ClN3NaO5S·H2O,475.88,Microbiology/Virology,Antibacterial;Antibiotic,Antibiotic; Bacterial,"Cloxacillin sodium monohydrate (Cloxacillin Sodium) is the sodium salt of cloxaclliin, a semisynthetic beta-lactamase resistant penicillin antibiotic with antibacterial activity.","Roy DK, et al. Spectrochim Acta A Mol Biomol Spectrosc. 2005 Jul;61(9):2017-22."
10,PHD215176,a,11,50,10,DMSO,T1063,Ticarcillin disodium,Ticarpen disodium;Ticarcillin disodium salt,4697-14-7,[Na+].[Na+].CC1(C)S[C@@H]2[C@H](NC(=O)[C@H](C([O-])=O)c3cccs3)C(=O)N2[C@H]1C([O-])=O,C15H14N2Na2O6S2,428.39,Microbiology/Virology,Antibacterial;Antibiotic,Antibacterial; Antibiotic; Bacterial,"Ticarcillin disodium (Ticarpen) is the disodium salt form of ticarcillin, a broad-spectrum, semi-synthetic penicillin antibiotic with bactericidal and beta-lactamase resistant activity. Similar to carbenicillin in action, ticarcillin inactivates the penicillin-sensitive transpeptidase C-terminal domain by opening the lactam ring. This inactivation prevents the cross-linkage of peptidoglycan strands, thereby inhibiting the third and last stage of bacterial cell wall synthesis. This leads to incomplete bacterial cell wall synthesis and eventually causes cell lysis.","Webb D, et al. Arch Intern Med. 1978 Nov;138(11):1618-20."
11,PHD215176,b,2,50,10,DMSO,T1122,Cephalothin sodium,Cephalothin sodium salt;Cefalotin sodium,58-71-9,[Na+].CC(=O)OCC1=C(N2[C@H](SC1)[C@H](NC(=O)Cc1cccs1)C2=O)C([O-])=O,C16H15N2NaO6S2,418.4,Microbiology/Virology,Antibacterial;Antibiotic,Antibiotic; Bacterial; PBPs,"Cephalothin sodium (Cefalotin) binds to and inactivates penicillin-binding proteins (PBP) located on the inner membrane of the bacterial cell wall. Cephalothin sodium (Cefalotin) is the sodium salt form of cephalothin, a semisynthetic, beta-lactam, the first-generation cephalosporin antibiotic with bactericidal activity. PBPs participate in the terminal stages of assembling the bacterial cell wall, and in reshaping the cell wall during cell division. Inactivation of PBPs interferes with the cross-linkage of peptidoglycan chains necessary for bacterial cell wall strength and rigidity. This results in the weakening of the bacterial cell wall and causes cell lysis.","Williamson R, et al. Antimicrob Agents ChemOthers. 1980 Oct;18(4):629-37."
12,PHD215176,b,3,50,10,DMSO,T1305,Ceftazidime,GR20263,72558-82-8,CC(C)(O\N=C(/C(=O)N[C@H]1[C@H]2SCC(C[n+]3ccccc3)=C(N2C1=O)C(O)=O)c1csc(=N)[nH]1)C([O-])=O,C22H22N6O7S2,546.58,Microbiology/Virology,Antibacterial;Antibiotic,Antibiotic; Bacterial; PBPs; Peptidoglycan synthase,"Ceftazidime (GR20263) is a beta-lactam, cephalosporin antibiotic with bactericidal activity.","Hayes MV, Orr DC. J Antimicrob ChemOthers. 1983 Aug;12(2):119-26."
13,PHD215176,b,4,50,10,DMSO,T0814L,Ampicillin,Aminobenzylpenicillin;Ampicillin acid;Amcill;D-(-)-α-Aminobenzylpenicillin,69-53-4,[H][C@@]1(NC(=O)[C@H](N)c2ccccc2)C(=O)N2[C@@H](C(O)=O)C(C)(C)S[C@]12[H],C16H19N3O4S,349.4,Microbiology/Virology,Antibacterial;Antibiotic,Antibiotic; Bacterial; PBPs,Ampicillin (Aminobenzylpenicillin) is a semi-synthetic penicillin belonging to the β-lactam group of antibiotics. Ampicillin has bactericidal activity against a wide range of Gram-positive and Gram-negative bacteria.,"Pancu DF, et al. Assessment of the In Vitro Cytotoxic Profile of Two Broad-Spectrum Antibiotics-Tetracycline and Ampicillin-On Pharyngeal Carcinoma Cells. Medicina (Kaunas). 2022 Sep 16;58(9):1289.;Lee KE, et al. The neuroprotective mechanism of ampicillin in a mouse model of transient forebrain ischemia. Korean J Physiol Pharmacol. 2016 Mar;20(2):185-92.;Chopra SL, et al. Effect of Ampicillin on E. Coli of Swine Origin. Can J Comp Med Vet Sci. 1963 Sep;27(9):223-7.;Jang HM, et al. Evidence for interplay among antibacterial-induced gut microbiota disturbance, neuro-inflammation, and anxiety in mice. Mucosal Immunol. 2018 Sep;11(5):1386-1397."
14,PHD215176,b,5,50,10,DMSO,T1005L,Amoxicillin trihydrate,Amoxycillin trihydrate;Amoxil trihydrate;Amoxipen trihydrate;Moxaline trihydrate,61336-70-7,O.O.O.CC1(C)S[C@@H]2[C@H](NC(=O)[C@H](N)c3ccc(O)cc3)C(=O)N2[C@H]1C(O)=O,C16H25N3O8S,419.45,Microbiology/Virology,Antibacterial;Antibiotic,Antibiotic; Bacterial; PBPs,"Amoxicillin trihydrate (Moxaline trihydrate) binds to and inactivates penicillin-binding protein (PBP) 1A located on the inner membrane of the bacterial cell wall. Amoxicillin trihydrate is a broad-spectrum, semisynthetic aminopenicillin antibiotic with bactericidal activity. Inactivation of PBPs interferes with the cross-linkage of peptidoglycan chains necessary for bacterial cell wall strength and rigidity. This interrupts bacterial cell wall synthesis and results in the weakening of the bacterial cell wall and causes cell lysis.","Shen X,et al. In vitro anti-bacterial activity and network pharmacology analysis of Sanguisorba officinalis L. against Helicobacter pylori infection. Chin Med. 2021 Apr 17;16(1):33."
15,PHD215176,b,6,50,10,DMSO,T1218,Cefoperazone sodium salt,CP 52640-2;Cefoperazone sodium,62893-20-3,N12[C@@H]([C@@H](C2=O)NC(=O)[C@@H](c2ccc(cc2)O)NC(=O)N2C(=O)C(=O)N(CC2)CC)SCC(=C1C(=O)[O-])CSc1n(nnn1)C.[Na+],C25H26N9NaO8S2,667.65,Microbiology/Virology,Antibacterial;Antibiotic,Antibiotic; Bacterial; PBPs,"Cefoperazone sodium salt (CP 52640-2) is a broad-spectrum cephalosporin with a tetrazolyl moiety, utilized for the treatment of Pseudomonas infections.","Fass RJ, Helsel VL. Diagn Microbiol Infect Dis. 1986 Jan;4(1):77-81."
16,PHD215176,b,7,50,10,DMSO,T1213,Piperacillin sodium,Sodium piperacillin;CL227193;Piperacillin sodium salt,59703-84-3,[Na+].CCN1CCN(C(=O)NC(C(=O)N[C@H]2[C@H]3SC(C)(C)[C@@H](N3C2=O)C([O-])=O)c2ccccc2)C(=O)C1=O,C23H26N5NaO7S,539.54,Microbiology/Virology,Antibacterial;Antibiotic,Antibiotic; Bacterial; β-Lactamase,"(CL227193) )binds to and inactivates penicillin-binding proteins (PBPs), enzymes located on the inner membrane of the bacterial cell wall, resulting in the weakening of the bacterial cell wall and cell lysis. Piperacillin Sodium is the sodium salt of piperacillin, a broad-spectrum semisynthetic, ampicillin-derived ureidopenicillin antibiotic with bactericidal activity. PBPs participate in the terminal stages of assembling the bacterial cell wall, and in reshaping the cell wall during cell division. Inactivation of PBPs interferes with the cross-linkage of peptidoglycan chains necessary for bacterial cell wall strength and rigidity.","Williamson R, et al. Antimicrob Agents Chemother, 1980, 18(4), 629-637."
17,PHD215176,b,8,50,10,DMSO,T1224,Cefuroxime sodium,Biociclin;Cefuroxime sodium salt;Anaptivan,56238-63-2,[Na+].N12[C@@H]([C@@H](C2=O)NC(=O)/C(=N\OC)/c2ccco2)SCC(=C1C(=O)[O-])COC(=O)N,C16H15N4NaO8S,446.37,Microbiology/Virology,Antibacterial;Antibiotic,Antibiotic; Bacterial,"Cefuroxime Sodium is the sodium salt form of cefuroxime and a semi-synthetic, broad-spectrum, beta-lactamase resistant, second-generation cephalosporin antibiotic with bactericidal activity. Cefuroxime sodium (Cefuroxime sodium salt) inhibits bacterial cell wall synthesis by inactivating penicillin binding proteins (PBPs) thereby interfering with the final transpeptidation step required for cross-linking of peptidoglycan units which are a component of the cell wall. Lack of cross-linking results in a reduction of cell wall stability and leads to cell lysis.","Capel-Edwards K, et al. Toxicology. 1979, 13(1):1-5."
18,PHD215176,b,9,50,10,DMSO,T1227,Cefuroxime axetil,Cepazine;Zinnat;Elobact;Ceftin,64544-07-6,CO\N=C(\C(=O)N[C@H]1[C@H]2SCC(COC(N)=O)=C(N2C1=O)C(=O)OC(C)OC(C)=O)c1ccco1,C20H22N4O10S,510.47,Microbiology/Virology,Antibacterial;Antibiotic,Antibiotic; Bacterial,Cefuroxime axetil (Zinnat) is a second generation oral cephalosporin antibiotic.,"Singh B, et al. Colloids Surf B Biointerfaces. 2014 Sep 1;121:92-8."
19,PHD215176,b,10,50,10,DMSO,T1262,Tazobactam,Tazobactam acid;CL-298741;YTR-830H;Tazobactamum,89786-04-9,C([C@@]1(C)[C@H](C(O)=O)N2[C@](S1(=O)=O)(CC2=O)[H])N3C=CN=N3,C10H12N4O5S,300.29,Microbiology/Virology,Antibacterial;Antibiotic,Antibiotic; Bacterial; β-Lactamase,Tazobactam (YTR-830H) is an antibacterial penicillin derivative which inhibits the action of bacterial beta-lactamases.,"Overington JP, et al. Nat Rev Drug Discov. 2006 Dec;5(12):993-6."
20,PHD215176,b,11,50,10,DMSO,T0911,Cefotaxime sodium,Cefotaxim sodium salt;Cefotaxime sodium salt;Cefotaxim (sodium salt);HR-756 (sodium salt),64485-93-4,[Na+].CO\N=C(/C(=O)N[C@H]1[C@H]2SCC(COC(C)=O)=C(N2C1=O)C([O-])=O)c1csc(N)n1,C16H16N5NaO7S2,477.44,Microbiology/Virology,Antibacterial;Antibiotic,Antibiotic; Bacterial; PBPs,"Cefotaxime is a third-generation cephalosporin antibiotic. Like other third-generation cephalosporins, it has broad spectrum activity against Gram positive and Gram negative bacteria. In most cases, it is considered to be equivalent to ceftriaxone in terms of safety and efficacy. Cefotaxime sodium (Cefotaxim sodium salt) is marketed under various trade names including Claforan (Sanofi-Aventis).","Azza S. Zakaria, et al. BioMed Research International. 2016."
21,PHD215176,c,2,50,10,DMSO,T0814,Ampicillin Trihydrate,NCI-C56086,7177-48-2,O.O.O.CC1(C)S[C@@H]2[C@H](NC(=O)[C@H](N)c3ccccc3)C(=O)N2[C@H]1C(O)=O,C16H19N3O4S·3H2O,403.45,Microbiology/Virology,Antibacterial;Antibiotic,Antibiotic; Bacterial; β-Lactamase,"Ampicillin Trihydrate (NCI-C56086), a broad-spectrum semisynthetic derivative of aminopenicillin, is a β-lactam antibiotic.","Membrez M, et al. FASEB J, 2008, 22(7), 2416-2426.;Lacy MK, et al. Antimicrob Agents Chemother, 1999, 43(3), 672-677.;Brown MP, et al. Equine Vet J, 1984, 16(4), 371-373.;Dunnick JK, et al. Toxicology, 1989, 56(2), 123-136.;Elsheikh HA, et al. J Vet Pharmacol Ther, 1997, 20(4), 262-266."
22,PHD215176,c,3,50,10,DMSO,T0827,Cefsulodin sodium,Cefsulodine sodium;Sulcephalosporin,52152-93-9,[Na+].NC(=O)c1cc[n+](CC2=C(N3[C@H](SC2)[C@H](NC(=O)[C@@H](c2ccccc2)S([O-])(=O)=O)C3=O)C([O-])=O)cc1,C22H19N4NaO8S2,554.52,Microbiology/Virology,Antibacterial;Antibiotic,Antibacterial; Antibiotic; Bacterial,Cefsulodin sodium (Sulcephalosporin) hydrate is a β lactam antibiotic.,"Sarkar SK, et al. PLoS One. 2012;7(11):e48598."
23,PHD215176,c,4,50,10,DMSO,T0868,Cefepime Dihydrochloride Monohydrate,Cefepime HCl,123171-59-5,O.Cl.Cl.CO\N=C(/C(=O)N[C@H]1[C@H]2SCC(C[N+]3(C)CCCC3)=C(N2C1=O)C([O-])=O)c1csc(N)n1,C19H24N6O5S2·2HCl·H2O,571.5,Microbiology/Virology,Antibacterial;Antibiotic;Antifection,Antibiotic; Bacterial; Fts1; PBPs,"Cefepime Dihydrochloride Monohydrate (Cefepime HCl) is the hydrochloride salt of a semi-synthetic, beta-lactamase-resistant, fourth-generation cephalosporin antibiotic derived from an Acremonium fungal species with broad-spectrum bactericidal activity.","Grassi GG, Grassi C. J Antimicrob ChemOthers. 1993 Nov;32 Suppl B:87-94."
24,PHD215176,c,5,50,10,DMSO,T0953,Cefazolin sodium,Ancef;Cefazolin sodium salt;Sodium cephazolin;cephazolin sodium;cefazoline sodium;Sodium cefazolin,27164-46-1,[Na+].Cc1nnc(s1)SCC1=C(N2[C@@H]([C@@H](C2=O)NC(=O)Cn2nnnc2)SC1)C(=O)[O-],C14H13N8NaO4S3,476.48,Microbiology/Virology,Antibacterial;Antibiotic,Antibiotic; Bacterial; PBPs; Peptidoglycan synthase; PON,"Cefazolin sodium (cephazolin sodium) salt binds to and inactivates penicillin-binding proteins (PBP) located on the inner membrane of the bacterial cell wall. Cefazolin sodium salt is the sodium salt of cefazolin, a beta-lactam antibiotic and first-generation cephalosporin with bactericidal activity. Inactivation of PBPs interferes with the cross-linkage of peptidoglycan chains necessary for bacterial cell wall strength and rigidity, which results in the weakening of the bacterial cell wall and cell lysis.","Truesdell SE, et al. J Antimicrob ChemOthers. 1989 Apr;23 Suppl D:13-9."
25,PHD215176,c,6,50,10,DMSO,T0932,Cefixime,FK-027;Cefspan;Cefiximum;Cephoral;FR-17027;CL-284635,79350-37-1,Nc1nc(cs1)C(=N\OCC(O)=O)\C(=O)N[C@H]1[C@H]2SCC(C=C)=C(N2C1=O)C(O)=O,C16H15N5O7S2,453.45,Microbiology/Virology,Antibacterial;Antibiotic,Antibiotic; Bacterial; PBPs,"Cefixime (FR-17027) is a broad-spectrum, third-generation cephalosporin antibiotic derived semisynthetically from the marine fungus Cephalosporium acremonium with antibacterial activity. As does penicillin, the beta-lactam antibiotic cefixime inhibits bacterial cell wall synthesis by disrupting peptidoglycan synthesis, resulting in a reduction in bacterial cell wall stability and bacterial cell lysis. Stable in the presence of a variety of beta-lactamases, this agent is more active against gram-negative bacteria and less active against gram-positive bacteria compared to second-generation cephalosporins.","Takahata S, et al. Antimicrob Agents ChemOthers. 2006 Nov;50(11):3638-45."
26,PHD215176,c,7,50,10,DMSO,T1495,Cefaclor monohydrate,Cefaclor hydrate,70356-03-5,O.N[C@@H](C(=O)N[C@H]1[C@H]2SCC(Cl)=C(N2C1=O)C(O)=O)c1ccccc1,C15H16ClN3O5S,385.82,Microbiology/Virology;GPCR/G Protein;Neuroscience,5-HT Receptor;Antibacterial;Antibiotic,Antibiotic; Bacterial; PBPs,"Cefaclor monohydrate (Cefaclorum) is a beta-lactam, second-generation cephalosporin antibiotic with bactericidal activity.","Chambers HF, Miick C. Antimicrob Agents ChemOthers. 1992 Mar;36(3):656-61."
27,PHD215176,c,8,50,10,DMSO,T1037,Doripenem monohydrate,S 4661 monohydrate;Doripenem Hydrate;S-4661,364622-82-2,N12C(=C([C@@H]([C@@H]2[C@H](C1=O)[C@@H](C)O)C)S[C@H]1C[C@H](NC1)CNS(=O)(=O)N)C(=O)O.O,C15H24N4O6S2·H2O,438.52,Microbiology/Virology,Antibacterial;Antibiotic,Antibiotic; Bacterial,"Doripenem monohydrate (S 4661 monohydrate) is a broad-spectrum injectable antibiotic, used for Gram-positive, Gram-negative and anaerobic pathogens.","Ge Y, et al. Antimicrob Agents Chemother, 2004, 48(4), 1384-1396.;Jones RN, et al. Antimicrob Agents Chemother, 2004, 48(8), 3136-3140.;Fritsche TR, et al. Clin Microbiol Infect, 2005, 11(12), 974-984.;Jones RN, et al. J Antimicrob Chemother, 2004, 54(1), 144-154."
28,PHD215176,c,9,50,10,DMSO,T1023,Cefoxitin sodium,Cenomycin;MK-306;Betacef;Merxin,33564-30-6,[C@]1([C@@H]2N(C1=O)C(=C(CS2)COC(=O)N)C(=O)[O-])(NC(=O)Cc1cccs1)OC.[Na+],C16H16N3NaO7S2,449.43,Microbiology/Virology,Antibacterial;Antibiotic,Antibiotic; Bacterial,Cefoxitin sodium (Betacef) is a semisynthetic cephamycin antibiotic resistant to beta-lactamase.,"Salgado HR, Tozo GC. J AOAC Int. 2007 Mar-Apr;90(2):452-5."
29,PHD215176,c,10,50,10,DMSO,T3263,"(6R,7S)-Cefminox sodium heptahydrate",Cefminox Sodium;Tencef;Meicelin;Alteporina,92636-39-0,[O-]C(C(N)CSCC(N[C@]1([C@]2([H])N(C(C(O)=O)=C(CS2)CSC3=NN=NN3C)C1=O)OC)=O)=O.[Na+].O.O.O.O.O.O.O,C16H34N7NaO14S3,667.65,Microbiology/Virology,Antibiotic,Antibiotic,"(6R,7S)-Cefminox sodium heptahydrate (Meicelin) is a broad-spectrum, bactericidal cephalosporin antibiotic, particularly effective against Gram-negative and anaerobic bacteria.",
30,PHD215176,c,11,50,10,DMSO,T0049,Azlocillin sodium salt,Sodium azlocillin;Azlocillin sodium,37091-65-9,[Na+].CC1(C)S[C@@H]2[C@H](NC(=O)[C@H](NC(=O)N3CCNC3=O)c3ccccc3)C(=O)N2[C@H]1C([O-])=O,C20H22N5NaO6S,483.47,Microbiology/Virology,Antibacterial;Antibiotic;Parasite,Antibiotic; Bacterial; Parasite; PBPs,"Azlocillin sodium, an acylampicillin, is a broad-spectrum antibiotics","McFarland MM, et al. Antimicrob Agents Chemother, 1994, 38(6), 1271-1276.;Livermore DM, et al. J Antimicrob Chemother, 1999, 43(4), 517-522.;Wright AJ, et al. Mayo Clin Proc, 1999, 74(3), 290-307.;Stewart D, et al. Antimicrob Agents Chemother, 1977, 11(5), 865-870.;Johnson PR, et al. J Antimicrob Chemother, 1992, 30(2), 203-214."
31,PHD215176,d,2,50,10,DMSO,T6386,Ampicillin sodium,Domicillin;D-(-)-α-Aminobenzylpenicillin sodium salt;Penialmen;Citteral,69-52-3,[Na+].CC1(C)SC2C(NC(=O)C(N)c3ccccc3)C(=O)N2C1C([O-])=O,C16H18N3NaO4S,371.39,Microbiology/Virology,Antibacterial;Antibiotic,Antibiotic; Bacterial; β-Lactamase,Ampicillin sodium (Domicillin) is a broad-spectrum β -lactam antibiotic. Ampicillin sodium combates a variety of Gram-positive and Gram-negative bacteria.,"Lee KE, et al. The neuroprotective mechanism of ampicillin in a mouse model of transient forebrain ischemia. Korean J Physiol Pharmacol. 2016 Mar;20(2):185-92.;Basker MJ, et al. Comparative activities of ampicillin, epicillin and amoxycillin in vitro and in vivo. Chemotherapy. 1979;25(3):170-80.;Lund B, et al. Ampicillin in portal and peripheral blood and bile after oral administration of ampicillin andpivampicillin. Eur J Clin Pharmacol. 1974;7(2):133-5.;Lee KE, et al. The neuroprotective mechanism of ampicillin in a mouse model of transient forebrain ischemia. Korean J Physiol Pharmacol. 2016 Mar;20(2):185-92.;Chopra SL,et al. Effect of Ampicillin on E. Coli of Swine Origin. Can J Comp Med Vet Sci. 1963 Sep;27(9):223-7."
32,PHD215176,d,3,50,10,DMSO,T6437,Cefoperazone,Cefob;Medocef,62893-19-0,C(O)(=O)C=1N2[C@@]([C@H](NC([C@H](NC(=O)N3C(=O)C(=O)N(CC)CC3)C4=CC=C(O)C=C4)=O)C2=O)(SCC1CSC=5N(C)N=NN5)[H],C25H27N9O8S2,645.67,Microbiology/Virology,Antibacterial;Antibiotic,Antibacterial; Antibiotic; Bacterial,Cefoperazone (Medocef) binds to and inactivates penicillin-binding proteins (PBPs) located on the inner membrane of the bacterial cell wall. PBPs are enzymes involved in the terminal stages of assembling the bacterial cell wall and in reshaping the cell wall during growth and division. Inactivation of PBPs interferes with the cross-linkage of peptidoglycan chains necessary for bacterial cell wall strength and rigidity. It can inhibit rMrp2-mediated [3H]E217βG uptake (IC<sub>50</sub>: 199 μM).,"Craig WA, et al. Drugs, 1981, 22 Suppl 1, 35-45.;Kato Y, et al. Drug Metab Dispos, 2008, 36(6), 1088-1096."
33,PHD215176,d,4,50,10,DMSO,T4553,Procaine penicillin G,Duphapen;Hydracillin;Hostacillin,54-35-3,CCN(CC)CCOC(=O)c1ccc(N)cc1.[H][C@]12SC(C)(C)[C@@H](N1C(=O)[C@H]2NC(=O)Cc1ccccc1)C(O)=O,C29H38N4O6S,570.7,Microbiology/Virology,Antibacterial;Antibiotic,Antibiotic,"Procaine penicillin G (Duphapen) (procaine benzylpenicillin) is an antibiotic useful for the treatment of a number of bacterial infections. Specifically, it is used for syphilis, anthrax, mouth infections, pneumonia, diphtheria, cellulitis, and animal bites.","Sahin U, et al. Penicillin resistance in Streptococcus pneumoniae in Isparta. Respirology. 2001 Mar;6(1):23-6. Review. PubMed PMID: 11264759."
34,PHD215176,d,5,50,10,DMSO,T4270,Cefquinome sulfate,,118443-89-3,OS(O)(=O)=O.CO\N=C(/C(=O)N[C@H]1[C@H]2SCC(C[n+]3cccc4CCCCc34)=C(N2C1=O)C([O-])=O)c1csc(N)n1,C23H26N6O9S3,626.67,Microbiology/Virology,Antibacterial;Antibiotic,Antibiotic; Bacterial,"Cefquinome Sulfate is a semisynthetic, broad-spectrum, fourth-generation aminothiazolyl cephalosporin with antibacterial activity.","Böttner A,etal.In vitro efficacy of cefquinome (INN) and other anti-infective drugs against bovine bacterial isolates from Belgium, France, Germany, The Netherlands, and the United Kingdom.Zentralbl Veterinarmed B. 1995 Aug;42(6):377-83."
35,PHD215176,d,6,50,10,DMSO,T7043,Cefotetan,Apacef,69712-56-7,CO[C@]1(NC(=O)C2SC(S2)=C(C(N)=O)C(O)=O)[C@H]2SCC(CSc3nnnn3C)=C(N2C1=O)C(O)=O,C17H17N7O8S4,575.62,Microbiology/Virology;MAPK,ERK;Raf;MEK;Antibacterial;Antibiotic;Ras,Antibacterial; Antibiotic; Bacterial,"Cefotetan (Apacef) Sodium (ICI-156834, YM-09330) is a second-generation cephalosporin, cephamycin antibiotic that is active against a wide range of both aerobic and anaerobic gram-positive and gram-negative bacteria. Cefotetan binds to penicillin-binding proteins and disrupts the cell wall synthesis.","Ekinci D, et al. Susceptibility of cord blood antioxidant enzymes glutathione reductase, glutathione peroxidase and glutathione S-transferase to different antibiotics: in vitro approach[J]. Journal of Enzyme Inhibition & Medicinal Chemistry, 2013, 28(4):824-829.;Fourches D, et al. Cheminformatics analysis of assertions mined from literature that describe drug-induced liver injury in different species[J]. Chemical Research in Toxicology, 2010, 23(1):171-183."
36,PHD215176,d,7,50,10,DMSO,T5038,Cephapirin Sodium,,24356-60-3,[Na+].CC(=O)OCC1=C(N2[C@H](SC1)[C@H](NC(=O)CSc1ccncc1)C2=O)C([O-])=O,C17H16N3O6S2.Na,445.45,Microbiology/Virology,Antibacterial;Antibiotic,Antibacterial; Antibiotic; Bacterial,"Cefapirin sodium is the sodium salt of Cephapirin, an antimicrobial agent.","Tan JS, et al. Bacampicillin, Ampicillin, Cephalothin, and Cephapirin levels in human blood and interstitial fluid. Antimicrob Agents Chemother. 1979 Apr;15(4):510-2."
37,PHD215176,d,8,50,10,DMSO,T5022,Ceforanide,,60925-61-3,[H][C@]12SCC(CSc3nnnn3CC(O)=O)=C(N1C(=O)[C@H]2NC(=O)Cc1ccccc1CN)C(O)=O,C20H21N7O6S2,519.55,Microbiology/Virology,Antibacterial;Antibiotic,Antibiotic; Bacterial; PBPs,Ceforanide is a second-generation cephalosporin antibiotic with bactericidal activity. Ceforanide causes inhibition of bacterial cell wall synthesis by inactivating penicillin binding proteins (PBPs) thereby interfering with the final transpeptidation step required for cross-linking of peptidoglycan units which are a component of the cell wall.,"Sifakis S, et al. Chemoprophylactic and bactericidal efficacy of 80 mg gentamicin in a single and once-daily dosing. Arch Gynecol Obstet. 2005 Sep;272(3):201-6."
38,PHD215176,d,9,50,10,DMSO,T4998,Cefpodoxime proxetil,,87239-81-4,C(OC(OC(OC(C)C)=O)C)(=O)C=1N2[C@@]([C@H](NC(/C(=N\OC)/C=3N=C(N)SC3)=O)C2=O)(SCC1COC)[H],C21H27N5O9S2,557.6,Microbiology/Virology,Antibacterial;Antibiotic,Antibiotic; Bacterial,"Cefpodoxime is an oral third generation cephalosporin antibiotic. It is active against most Gram positive and Gram negative bacteria. It is commonly used to treat acute otitis media, pharyngitis, and sinusitis. Cefpodoxime proxetil is a prodrug which is absorbed and de-esterified by the intestinal mucosa to Cefpodoxime.","KUMAR, Yatendra, TEWARI, et al. PROCESS FOR THE PREPARATION OF CEFPODOXIME ACID[J]. 2004."
39,PHD215176,d,10,50,10,DMSO,T5006,Flucloxacillin sodium,floxacillin sodium,1847-24-1,[Na+].Cc1onc(c1C(=O)N[C@H]1[C@H]2SC(C)(C)[C@@H](N2C1=O)C([O-])=O)-c1c(F)cccc1Cl,C19H16ClFN3NaO5S,475.85,Microbiology/Virology,Antibacterial;Antibiotic,Antibiotic; Bacterial,Flucloxacillin sodium (floxacillin sodium) is a highly active antibiotic against Gram-negative and Gram-positive bacteria.,"Williams J, et al.Sweat tests and flucloxacillin. Arch Dis Child. 1988 Jul;63(7):847-8.;Everett JR, et al. 19F NMR spectroscopy study of the metabolites of flucloxacillin in rat urine. J Pharm Pharmacol. 1985 Dec;37(12):869-73.;Paton DM, et al. Bioavailability and half-life of two preparations of flucloxacillin. N Z Med J. 1982 Nov 10;95(719):766-8."
40,PHD215176,d,11,50,10,DMSO,T6438,Cefoselis Sulfate,FK 037 Sulfate;FK-037,122841-12-7,OS([O-])(=O)=O.[H][C@@]1(NC(=O)C(=N/OC)\c2csc(N)n2)C(=O)N2C(C(O)=O)=C(C[n+]3ccc(N)n3CCO)CS[C@]12[H],C19H22N8O6S2·H2SO4,620.64,Microbiology/Virology,Antibacterial;Antibiotic,antibiotic; Bacterial,Cefoselis Sulfate is a widely used beta-lactam antibiotic.,"Ohtaki K, et al. J Neural Transm, 2004, 111(12), 1523-1535.;Yamada K, et al. J Infect Chemother, 2012, 18(4), 472-478.;Yamazaki S, et al. Pharmacol Biochem Behav, 2002, 74(1), 53-59.;Sugimoto M, et al. Br J Pharmacol, 2002, 135(2), 427-432.;Giamarellos-Bourboulis EJ, et al. Diagn Microbiol Infect Dis, 2000, 36(3), 185-191."
41,PHD215176,e,2,50,10,DMSO,T7560,Pivmecillinam hydrochloride,FL-1039 hydrochloride,32887-03-9,CC(C)(C)C(=O)OCOC(=O)C1N2C(=O)C(N=CN3CCCCCC3)C2SC1(C)C.Cl,C21H34ClN3O5S,476.03,Microbiology/Virology,Antibacterial;Antibiotic,Antibiotic; Bacterial,"Pivmecillinam hydrochloride (FL-1039 hydrochloride) is an orally active prodrug of mecillinam, an extended-spectrum penicillin antibiotic effective against gram-negative organisms, and is used as a substitute for amdinocillin.","Bleidorn J . Pivmecillinam is more effective than ibuprofen in symptom resolution in women with uncomplicated urinary tract infection: antibiotic treatment for UTI is important[J]. BMJ Evidence-Based Medicine, 2018.;Ingvild V , Marianne B , Nils G , et al. Ibuprofen versus pivmecillinam for uncomplicated urinary tract infection in women—A double-blind, randomized non-inferiority trial[J]. PLOS Medicine, 2018, 15(5):e1002569-."
42,PHD215176,e,3,50,10,DMSO,T7120,Cefetamet pivoxil hydrochloride,Ro 15-8075,111696-23-2,C(OCOC(C(C)(C)C)=O)(=O)C=1N2[C@@]([C@H](NC(/C(=N\OC)/C=3N=C(N)SC3)=O)C2=O)(SCC1C)[H].Cl,C20H26ClN5O7S2,548.03,Microbiology/Virology,Antibacterial;Antibiotic,Antibiotic; Bacterial,Cefetamet pivoxil hydrochloride (Ro 15-8075) is a third generation cephalosporin antibiotic with oral activity.,"Divakar G , Shekar H S , Rajamma A J , et al. Formulation development and rheological studies of palatable cefetamet pivoxil hydrochloride dry powder suspension[J]. DARU : Journal of Pharmaceutical Sciences, 2011."
43,PHD215176,e,4,50,10,DMSO,T5570,Cephalothin,Cephalotin acid,153-61-7,C(O)(=O)C=1N2[C@@]([C@H](NC(CC3=CC=CS3)=O)C2=O)(SCC1COC(C)=O)[H],C16H16N2O6S2,396.44,Microbiology/Virology,Antibacterial;Antibiotic,Antibiotic; Bacterial; β-Lactamase,"Cephalothin is a beta-lactam antibiotic, inhibits class C β-lactamase AmpC (Ki: 0.32 μM).","Morandi S, et al. Structure-based optimization of cephalothin-analogue boronic acids as beta-lactamase inhibitors. Bioorg Med Chem. 2008 Feb 1;16(3):1195-205. Epub 2007 Nov 7."
44,PHD215176,e,5,50,10,DMSO,T7733,Cefotaxime,,63527-52-6,C(O)(=O)C=1N2[C@@]([C@H](NC(/C(=N\OC)/C=3N=C(N)SC3)=O)C2=O)(SCC1COC(C)=O)[H],C16H17N5O7S2,455.47,Microbiology/Virology,Anti-infection;Antibacterial;Antibiotic,Anti-infection; Antibiotic; Bacterial,Cefotaxime is an inhibitor of penicillin binding protein.,"Ronald, N, Jones. Cefotaxime and desacetylcefotaxime antimicrobial interactions: The clinical relevance of enhanced activity: A review[J]. Diagnostic Microbiology and Infectious Disease, 1995.;Brogden R N , Heel R C , Speight T M , et al. Cefuroxime: A Review of its Antibacterial Activity, Pharmacological Properties and Therapeutic Use[J]. Drugs, 1979, 17(4):233-266."
45,PHD215176,e,6,50,10,DMSO,T8126,Cefodizime Sodium,,86329-79-5,[Na+].[Na+].CO\N=C(/C(=O)N[C@H]1[C@H]2SCC(CSc3nc(C)c(CC([O-])=O)s3)=C(N2C1=O)C([O-])=O)c1csc(N)n1,C20H18N6Na2O7S4,628.6,Microbiology/Virology,Antibacterial;Antibiotic,Antibiotic; Bacterial,"Cefodizime Sodium is a third generation cephalosporin antibiotic, has broad-spectrum activity","Hayashi T , Maruden A , Irimura K , et al. NEPHROTOXICITY OF CEFODIZIME SODIUM IN RATS : Single and 14-day repeated intravenous administration[J]. The Journal of Toxicological Sciences, 1988, 13(SupplementI):285-327.;Henwood J M , Monk J P . Enoxacin. A review of its antibacterial activity, pharmacokinetic properties and therapeutic use.[J]. drugs, 1988, 40(3):373-447."
46,PHD215176,e,7,50,10,DMSO,T8134,Cefathiamidine,,33075-00-2,C(O)(=O)C=1N2[C@@]([C@H](NC(CSC(NC(C)C)=NC(C)C)=O)C2=O)(SCC1COC(C)=O)[H],C19H28N4O6S2,472.58,Microbiology/Virology,Antibacterial;Antibiotic,Antibiotic; Bacterial,"Cefathiamidine  exhibits a wide spectrum of antimicrobial activity against bacteria. Cefathiamidine is used for the treatment of respiratory, liver, five senses, urinary tract infections, endocarditis and sepsis","2 .Zhi LJ, et al. Population pharmacokinetics and dosing optimization of cefathiamidine in children with hematologic infection. Drug Des Devel Ther. 2018 Apr 17;12:855-862.;Chen HY, et al. The killing effects of cefathiamidine or ampicillin alone and in combination with gentamicin against enterococci. J Antimicrob Chemother. 1983 Jul;12(1):19-26."
47,PHD215176,e,8,50,10,DMSO,T6385,Amoxicillin Sodium,,34642-77-8,[Na+].[H][C@]12SC(C)(C)[C@@H](N1C(=O)[C@H]2NC(=O)[C@H](N)C1=CC=C(O)C=C1)C([O-])=O,C16H18N3O5S·Na,387.39,Microbiology/Virology,Antibacterial;Antibiotic,antibiotic; Bacterial,"Amoxicillin Sodium (Clavulanate) is a moderate- spectrum, bacteriolytic, β-lactam antibiotic.","Rajapakse NS, et al.Paediatr Child Health. 2016 Mar;21(2):65-6.;Bystrzycka W, et al.Cent Eur J Immunol. 2016;41(1):1-5."
48,PHD215176,e,9,50,10,DMSO,T8062,Cefazedone,Refosporen,56187-47-4,Cc1nnc(SCC2=C(N3[C@H](SC2)[C@H](NC(=O)Cn2cc(Cl)c(=O)c(Cl)c2)C3=O)C(O)=O)s1,C18H15Cl2N5O5S3,548.44,Microbiology/Virology,Antibacterial;Antibiotic,Antibiotic; Bacterial,Cefazedone (Refosporen) is a semisynthetic first-generation cephalosporin with activity against Gram-positive and Gram-negative bacteria[1].,"W Ungethüm, Leopoid G . Clinical pharmacology phase I of cefazedone, a new cephalosporin in healthy volunteers. I. Tolerance in comparison with cefazolin[J]. Arzneimittel Forschung, 1979, 29(2a):435-436.;Dingeldein E . Bactericidal activity of cefazedone[J]. Arzneimittel Forschung, 1979, 29(2a):394-396."
49,PHD215176,e,10,50,10,DMSO,T8063,Cephapirin Benzathine,,97468-37-6,C(CNCc1ccccc1)NCc1ccccc1.CC(=O)OCC1=C(N2C(SC1)C(NC(=O)CSc1ccncc1)C2=O)C(O)=O.CC(=O)OCC1=C(N2C(SC1)C(NC(=O)CSc1ccncc1)C2=O)C(O)=O,C17H17N3O6S2.1/2C16H20N2,543.63,Microbiology/Virology,Antibacterial;Antibiotic,Antibiotic; Bacterial,"Cephapirin Benzathine is a semisynthetic, broad-spectrum, first-generation cephalosporin with antibacterial activity.","Hausler K , Godden S M , Schneider M J , et al. Hot topic: Investigating the risk of violative meat residues in bob veal calves fed colostrum from cows treated at dry-off with cephapirin benzathine[J]. Journal of dairy ence, 2013, 96(4):2349-2355.;Nehru D A , Dhaliwal G S , Jan M H , et al. Clinical efficacy of intrauterine cephapirin benzathine administration on clearance of uterine bacteria and subclinical endometritis in postpartum buffaloes[J]. Reproduction in Domestic Animals, 2018."
50,PHD215176,e,11,50,10,DMSO,T5041,Faropenem sodium,,122547-49-3,[NaH].C[C@@H](O)[C@@H]1[C@H]2SC([C@H]3CCCO3)=C(N2C1=O)C(O)=O,C12H14NNaO5S,307.3,Microbiology/Virology,Antibacterial;Antibiotic,Antibiotic; Bacterial,"Faropenem sodium is an orally bioavailable penem antibiotic effective in treating Mycobacterium tuberculosis, as well as tuberculosis and community-acquired pneumonia.","Uchino H , Tamai I , Yabuuchi H , et al. Faropenem Transport across the Renal Epithelial Luminal Membrane via Inorganic Phosphate Transporter Npt1[J]. Antimicrobial Agents & Chemotherapy, 2000, 44(3):574-577.;Dhar N, et al. Rapid cytolysis of Mycobacterium tuberculosis by faropenem, an orally bioavailable β-lactam antibiotic. Antimicrob Agents Chemother. 2015 Feb;59(2):1308-19."
51,PHD215176,f,2,50,10,DMSO,T6685,Sulbactam sodium,CP-45899-2,69388-84-7,[Na+].[H][C@@]12CC(=O)N1[C@@]([H])(C([O-])=O)C(C)(C)S2(=O)=O,C8H10NO5S·Na,255.22,Microbiology/Virology,Antibacterial;Antibiotic,Antibiotic; Bacterial; β-Lactamase,Sulbactam sodium (CP-45899-2) (Unasyn) is an irreversible β-lactamase inhibitor.,"Ogihara S, et al. J Infect Chemother. 2016 Apr 16. pii: S1341-321X(16)30031-9."
52,PHD215176,f,3,50,10,DMSO,T8390,Cefazolin,,25953-19-9,[H][C@]12SCC(CSc3nnc(C)s3)=C(N1C(=O)[C@H]2NC(=O)Cn1cnnn1)C(O)=O,C14H14N8O4S3,454.51,Microbiology/Virology,Antibacterial;Antibiotic,Antibiotic; Bacterial,Cefazolin is a semi-synthetic cephalosporin that has a broad spectrum of antibacterial activity and inhibits the synthesis of bacterial cell walls.,"Gabriela, A, Albarellos,et al. Cefazolin pharmacokinetics in cats under surgical conditions.[J]. Journal of Feline Medicine & Surgery, 2017."
53,PHD215176,f,4,50,10,DMSO,T4405,Ceftibuten dihydrate,Sch-39720 dihydrate,118081-34-8,C1C=C(N2C(S1)C(C2=O)NC(=O)C(=CCC(=O)O)C3=CSC(=N3)N)C(=O)O.O.O,C15H18N4O8S2,446.46,Microbiology/Virology,Antibacterial;Antibiotic,Antibiotic; Bacterial,"Ceftibuten dihydrate (Sch-39720 dihydrate) is the dihydrate form of ceftibuten, and is a third-generation cephalosporin with antibacterial activity.","JONES, RONALD N. Ceftibuten: a review of antimicrobial activity, spectrum and other microbiologic features.[J]. Pediatric Infectious Disease Journal, 1995, 14(14):S77-83.;Wise R, et al. Ceftibuten--in-vitro activity against respiratory pathogens, beta-lactamase stability and mechanism of action. J Antimicrob Chemother, 1990. 26(2): p. 209-213."
54,PHD215176,f,5,50,10,DMSO,T8620,piperacillin,Pipril;Pipracil;Pipercillin,61477-96-1,CCN1CCN(C(=O)N[C@@H](C(=O)N[C@H]2C3SC(C)(C)[C@@H](N3C2=O)C(O)=O)c2ccccc2)C(=O)C1=O,C23H27N5O7S,517.55,Microbiology/Virology,Antibacterial;Antibiotic,bacterial,Piperacillin (Pipercillin) is a semisynthetic penicillin with wide spectrum of antimicrobial activity(particularly pseudomonas strains),"Messori A , Tulli G , Caccese E , et al. Piperacillin-Tazobactam: Extended Infusion Versus Continuous Infusion[J]. Critical care medicine, 2018, 46(7):e725."
55,PHD215176,f,6,50,10,DMSO,T6582,Mezlocillin Sodium,Baycipen,42057-22-7,[Na+].CC1(C)S[C@@H]2[C@H](NC(=O)[C@H](NC(=O)N3CCN(C3=O)S(C)(=O)=O)c3ccccc3)C(=O)N2[C@H]1C([O-])=O,C21H25N5O8S2·Na,561.56,Microbiology/Virology,Antibacterial;Antibiotic,Antibiotic; Bacterial; β-Lactamase,"Mezlocillin Sodium (Baycipen) is a penicillin beta-lactam antibiotic used in the treatment of bacterial infections caused by susceptible, usually gram-positive, organisms.","McCloskey RV, et al. Pharmacotherapy, 1982, 2(6), 300-312."
56,PHD215176,f,7,50,10,DMSO,T14081,Enmetazobactam,AAI101,1001404-83-6,[H][C@@]12CC(=O)N1[C@@H](C([O-])=O)[C@](C)(Cn1cc[n+](C)n1)S2(=O)=O,C11H14N4O5S,314.32,Microbiology/Virology,Antibacterial,Bacterial,Enmetazobactam (AAI101) is an extended-spectrum β-lactamase inhibitor used to treat multi-drug resistant gram-negative bacterial infections.,"Crandon JL, et al. In Vitro Activity of Cefepime/AAI101 and Comparators against Cefepime Non-susceptible Enterobacteriaceae. Pathogens. 2015 Aug 18;4(3):620-5.;Crandon JL, et al. In vivo activities of simulated human doses of cefepime and cefepime-AAI101 against multidrug-resistant Gram-negative Enterobacteriaceae. Antimicrob Agents Chemother. 2015 May;59(5):2688-94."
57,PHD215176,f,8,50,10,DMSO,T0141L,Cefalonium Dihydrate(5575-21-3 free base),Cefalonium Dihydrate,1385046-35-4,C1C(=C(N2[C@H](S1)[C@@H](C2=O)NC(=O)CC3=CC=CS3)C(=O)[O-])C[N+]4=CC=C(C=C4)C(=O)N.O.O,C20H22N4O7S2,494.5,Others;Microbiology/Virology,Others;Antibacterial;Antibiotic,Others,Cefalonium Dihydrate(5575-21-3 free base) is a first-generation cephalosporin antibiotic.,"Demon D, et al. Vet Microbiol. 2012 Nov 9;160(1-2):141-50."
58,PHD215176,f,9,50,10,DMSO,T12004,Meropenem trihydrate,SM 7338 trihydrate,119478-56-7,O.O.O.[H][C@@]12[C@@H]([C@@H](C)O)C(=O)N1C(C(O)=O)=C(S[C@@H]1CN[C@@H](C1)C(=O)N(C)C)[C@@H]2C,C17H31N3O8S,437.51,Microbiology/Virology,Antibacterial;Antibiotic,Antibiotic; Bacterial,Meropenem trihydrate (SM 7338 trihydrate) is a carbapenem antibiotic with broad-spectrum antibacterial activity.,"Makino, J., et al., [Pharmacokinetic study of penetration of meropenem into pleural effusion in patients with pleurisy]. Jpn J Antibiot, 2002. 55(1): p. 77-88.;Slaney, L., et al., In-vitro activity of meropenem against Neisseria gonorrhoeae, Haemophilus influenzae and H. ducreyi from Canada and Kenya. J Antimicrob Chemother, 1989. 24 Suppl A: p. 183-6.;Yang, Y.J. and D.M. Livermore, Interactions of meropenem with class I chromosomal beta-lactamases. J Antimicrob Chemother, 1989. 24 Suppl A: p. 207-17."
59,PHD215176,f,10,50,10,DMSO,T11265,Faropenem daloxate,Faropenem medoxil,141702-36-5,[H][C@]12SC([C@H]3CCCO3)=C(N1C(=O)[C@]2([H])[C@@H](C)O)C(=O)OCc1oc(=O)oc1C,C17H19NO8S,397.4,Microbiology/Virology,Antibacterial;Antibiotic,Antibiotic; Bacterial,"Faropenem daloxate (Faropenem medoxil) is useful for penem and antibiotics. Faropenem medoxomil has excellent in vitro activity against Streptococcus pneumoniae, Haemophilus influenzae and other key pathogens implicated in acute bacterial rhinosinusitis.Faropenem daloxate is the first oral penem in a new class of beta-lactam antibiotics.","Faqi AS, Lanphear C, Gill S, Colagiovanni DB.Juvenile toxicity study of faropenem medoxomil in beagle puppies.Reprod Toxicol. 2010 Dec;30(4):619-24. Epub 2010 Aug 11.;Upchurch J, Rosemore M, Tosiello R, Kowalsky S, Echols R.Randomized double-blind study comparing 7- and 10-day regimens of faropenem medoxomil with a 10-day cefuroxime axetil regimen for treatment of acute bacterial sinusitis.Otolaryngol Head Neck Surg. 2006 Oct;135(4):511-7.;Gettig, Jacob P.; Crank, Christopher W.; Philbrik, Alexander H. Faropenem medoxomil. Annals of Pharmacotherapy (2008), 42(1), 80-90.;Hadley JA, Tillotson GS, Tosiello R, Echols RM.Faropenem medoxomil: a treatment option in acute bacterial rhinosinusitis.Expert Rev Anti Infect Ther. 2006 Dec;4(6):923-37.;Siegert R, Berg O, Gehanno P, Leiberman A, Martinkenas JL, Nikolaidis P, Arvis P, Alefelder M, Reimnitz P.Comparison of the efficacy and safety of faropenem daloxate and cefuroxime axetil for the treatment of acute bacterial maxillary sinusitis in adults.Eur Arch Otorhinolaryngol. 2003 Apr;260(4):186-94. Epub 2002 Oct 11."
60,PHD215176,f,11,50,10,DMSO,T7858,Ceftezole sodium,Celoslin;Falomesin;Alomen,41136-22-5,[Na+].[O-]C(=O)C1=C(CSc2nncs2)CS[C@@H]2[C@H](NC(=O)Cn3cnnn3)C(=O)N12,C13H11N8NaO4S3,462.46,Microbiology/Virology;Metabolism,Anti-infection;Antibacterial;Antibiotic;Glucosidase,Anti-infection; Antibacterial; Antibiotic; α-glucosidase,"Ceftezole sodium (Falomesin) is a broad-spectrum cephalosporin antibiotic active gram-negative and gram-positive bacteria except for Proteus vulgaris, Pseudomonas aeruginosa, and Serratia marcescens. It has the inhibition of cell wall synthesis via affinity for penicillin-binding proteins. It also inhibits alpha-glucosidase.","Lee DS, Lee JM, Kim SU, Chang KT, Lee SH. Ceftezole, a cephem antibiotic, is an alpha-glucosidase inhibitor with in vivo anti-diabetic activity. Int J Mol Med. 2007 Sep;20(3):379-83.;Nishida M, Murakawa T, Kamimura T, Okada N, Sakamoto H, Fukada S, Nakamoto S, Yokota Y, Miki K. In vitro and in vivo evaluation of ceftezole, a new cephalosporin derivative. Antimicrob Agents Chemother. 1976 Jul;10(1):1-13."
61,PHD215176,g,2,50,10,DMSO,TQ0056,Cefuracetime,SKF81367,39685-31-9,O=C(C(N12)=C(COC(C)=O)CS[C@]2([H])[C@H](NC(/C(C3=CC=CO3)=N\OC)=O)C1=O)O,C17H17N3O8S,423.4,Microbiology/Virology,Antibacterial;Antibiotic,Antibiotic; Bacterial,Cefuracetime (SKF81367) (SKF81367) is a cephalosporin antibiotic.,"Shahid M, et al. Beta-lactams and beta-lactamase-inhibitors in current- or potential-clinical practice: a comprehensive update. Crit Rev Microbiol. 2009;35(2):81-108."
62,PHD215176,g,3,50,10,DMSO,T19709,Nitrocefin,,41906-86-9,OC(=O)C1=C(CS[C@@H]2[C@H](NC(=O)Cc3cccs3)C(=O)N12)\C=C\c1ccc(cc1[N+]([O-])=O)[N+]([O-])=O,C21H16N4O8S2,516.5,Others;Microbiology/Virology,Others;Antibacterial;Antibiotic,Others,"Nitrocefin is a chromogenic substrate and a detection tool for β-lactamase, featuring high sensitivity and rapid color development. Used for β-lactamase activity detection and drug resistance research, with enzyme activity intuitively reflected by the color change from yellow to red.","Singh, Reema et al. A β-lactamase-producing plasmid from Neisseria gonorrhoeae carrying a unique 6 bp deletion in blaTEM-1 encoding a truncated 24 kDa TEM-1 penicillinase that hydrolyses ampicillin slowly. The Journal of antimicrobial chemotherapy vol. 74,10 (2019): 2904-2912.;Hombach M, Weissert C, Senn MM, Zbinden R. Comparison of phenotypic methods for the detection of penicillinase in Staphylococcus aureus and proposal of a practical diagnostic approach. J Antimicrob Chemother. 2017 Apr 1;72(4):1089-1093. doi: 10.1093/jac/dkw521. PubMed PMID: 28069883.;Teethaisong, Yothin et al. Nitro-Carba test, a novel and simple chromogenic phenotypic method for rapid screening of carbapenemase-producing Enterobacteriaceae. Journal of global antimicrobial resistance vol. 18 (2019): 22-25.;Shen Z, Ding B, Ye M, Wang P, Bi Y, Wu S, Xu X, Guo Q, Wang M. High ceftazidime hydrolysis activity and porin OmpK35 deficiency contribute to the decreased susceptibility to ceftazidime/avibactam in KPC-producing Klebsiella pneumoniae. J Antimicrob Chemother. 2017 Mar 15. doi: 10.1093/jac/dkx066. [Epub ahead of print] PubMed PMID: 28333323."
63,PHD215176,g,4,50,10,DMSO,T8302,Ceftiofur,,80370-57-6,CO\N=C(/C(=O)N[C@H]1C2SCC(CSC(=O)c3ccco3)=C(C)N2C1=O)c1csc(N)n1,C19H17N5O7S3,523.56,Apoptosis;NF-κB;Immunology/Inflammation;MAPK;Microbiology/Virology,NF-κB;Antibacterial;Antibiotic;Interleukin;p38 MAPK;TNF,Antibiotic; Bacterial,"Ceftiofur is a semisynthetic antibiotic, with activity against various gram-positive/negative, anaerobic and aerobic bacteria encountered by domestic animals.","Fernández-Varón E, et al. Pharmacokinetics (PK), pharmacodynamics (PD), and PK-PD integration of ceftiofur after a single intravenous, subcutaneous and subcutaneous-LA administration in lactating goats. BMC Vet Res. 2016 Oct 13;12(1):232."
64,PHD215176,g,5,50,10,DMSO,T10392,Aspoxicillin,,63358-49-6,[H][C@]12SC(C)(C)[C@@H](N1C(=O)[C@H]2NC(=O)[C@H](NC(=O)[C@H](N)CC(=O)NC)c1ccc(O)cc1)C(O)=O,C21H27N5O7S,493.53,Microbiology/Virology,Anti-infection;Antibacterial;Antibiotic,Anti-infection; Bacterial,"Aspoxicillin, a broad-spectrum antimicrobial agent, demonstrates efficacy against 68 isolates of Actinobacillus pleuropneumoniae, with a minimum inhibitory concentration (MIC90) of <= 0.05 μg/ml. It exhibits a prolonged half-life of 55 minutes in mouse serum.","Oshida T, et al. Activity of sub-minimal inhibitory concentrations of aspoxicillin in prolonging the postantibiotic effect against Staphylococcus aureus. J Antimicrob Chemother. 1990 Jul;26(1):29-38.;Yoshimura H, et al. Comparative in vitro activity of 16 antimicrobial agents against Actinobacillus pleuropneumoniae. Vet Res Commun. 2002 Jan;26(1):11-9."
65,PHD215176,g,6,50,10,DMSO,T14979,Clavulanate lithium,Clavulanic acid lithium,61177-44-4,[Li+].[H][C@@]12CC(=O)N1[C@@H](C([O-])=O)\C(O2)=C\CO,C8H8LiNO5,205.09,Microbiology/Virology,Antibacterial;Antibiotic,β-lactamase,Clavulanate lithium (Clavulanic acid lithium) is an inhibitor of β-lactamase.,"Reading C, et al. Clavulanic Acid: a Beta-Lactamase-Inhibiting Beta-Lactam from Streptomyces clavuligerus. Antimicrob Agents Chemother. 1977 May; 11(5): 852–857.;Stokes DH, et al. Bactericidal effects of amoxycillin/clavulanic acid against intracellular Legionella pneumophila in tissue culture studies. J Antimicrob Chemother. 1989 Apr;23(4):547-56."
66,PHD215176,g,7,50,10,DMSO,T17021,Tebipenem,LJC 11036,161715-21-5,C[C@@H](O)[C@@H]1[C@H]2[C@@H](C)C(SC3CN(C3)C3=NCCS3)=C(N2C1=O)C(O)=O,C16H21N3O4S2,383.49,Microbiology/Virology,Antibacterial;Antibiotic,Antibiotic,Tebipenem is an orally available carbapenem antibiotic with broad-spectrum activity against both Gram-positive and Gram-negative bacteria.,"Hazra S, et al. Tebipenem, a new carbapenem antibiotic, is a slow substrate that inhibits the β-lactamase from Mycobacterium tuberculosis. Biochemistry. 2014 Jun 10;53(22):3671-8.;Li H, et al. In vitro antibacterial activities of two novel oral antibiotics, tebipenem and cefditoren, and other comparators against community-acquired respiratory tract infection-associated bacterial pathogens: A multicentre study in China. Int J Antimicrob Agents. 2014 Jan;43(1):92-3.;Seenama C, et al. In vitro activity of tebipenem against Burkholderia pseudomallei. Int J Antimicrob Agents. 2013 Oct;42(4):375."
67,PHD215176,g,8,50,10,DMSO,T6622,Oxacillin sodium monohydrate,Stapenor monohydrate;Sodium oxacillin monohydrate;Methicillin;Bactocill monohydrate,7240-38-2,O.[Na+].[H][C@]12SC(C)(C)[C@@H](N1C(=O)[C@H]2NC(=O)C1=C(C)ON=C1C1=CC=CC=C1)C([O-])=O,C19H18N3O5S·Na·H2O,441.43,Microbiology/Virology,Antibacterial;Antibiotic,Antibiotic; Bacterial,Oxacillin sodium monohydrate (Stapenor monohydrate) is an antibacterial agent and is a narrow spectrum beta-lactam antibiotic of the penicillin class.,"Ehinger AM, Kietzmann M.J Vet Med A Physiol Pathol Clin Med. 2000 Apr;47(3):157-68."
68,PHD215176,g,9,50,10,DMSO,T4984,Cefozopran hydrochloride,SCE-2787 hydrochloride,113981-44-5,Cl.[H][C@]12SCC(C[n+]3ccn4ncccc34)=C(N1C(=O)[C@H]2NC(=O)C(=N/OC)\c1nsc(N)n1)C([O-])=O,C19H18ClN9O5S2,551.99,Microbiology/Virology,Antibacterial;Antibiotic;Antifungal,Fungal,Cefozopran hydrochloride (SCE-2787 hydrochloride) is a fourth-generation cephalosporin. is a cell wall biosynthesis inhibitor with a broad spectrum of activity against Gram-positive and Gram-negative bacteria.,"Sato T, et al. A prospective, randomized study comparing cefozopran with piperacillin-tazobactam plus ceftazidime as empirical therapy for febrile neutropenia in children with hematological disorders. Pediatr Blood Cancer. 2008;51(6):774-777.;Iizawa Y, et al. Therapeutic effect of cefozopran (SCE-2787), a new parenteral cephalosporin, against experimental infections in mice. Antimicrob Agents Chemother. 1993;37(1):100-105."
69,PHD215176,g,10,50,10,DMSO,T8261,Ceftazidime Pentahydrate,,78439-06-2,[O-]C(C1=C(C[N+]2=CC=CC=C2)CS[C@@]([C@@H]3NC(/C(C4=CSC(N)=N4)=N\OC(C)(C)C(O)=O)=O)([H])N1C3=O)=O.O.O.O.O.O,C22H22N6O7S2.5H2O,636.65,Microbiology/Virology,Antibacterial;Antibiotic,β-Lactamase;Antibiotic;Bacterial,"Ceftazidime Pentahydrate is a cephalosporin antibiotic with activity against gram-negative bacilli, including Pseudomonas aeruginosa, and is used in the study of infectious diseases.","Esmat Kamali, et al. In vitro activities of cellulase and ceftazidime, alone and in combination against Pseudomonas aeruginosa biofilms. BMC Microbiol. 2021 Dec 16;21(1):347.;Qiuxia Lin, et al. Avibactam potentiated the activity of both ceftazidime and aztreonam against S. maltophilia clinical isolates in vitro. BMC Microbiol. 2021 Feb 22;21(1):60.;Shawn H MacVane, et al. Unexpected in vivo activity of ceftazidime alone and in combination with avibactam against New Delhi metallo-β-lactamase-producing Enterobacteriaceae in a murine thigh infection model. Antimicrob Agents Chemother. 2014 Nov;58(11):7007-9.;Richards DM, et al. Ceftazidime. A review of its antibacterial activity, pharmacokinetic properties and therapeutic use. Drugs. 1985 Feb;29(2):105-61."
70,PHD215176,g,11,50,10,DMSO,T0989,7-Aminocephalosporanic acid,7-ACA,957-68-6,C(O)(=O)C=1N2[C@@]([C@H](N)C2=O)(SCC1COC(C)=O)[H],C10H12N2O5S,272.28,Metabolism;Microbiology/Virology;Cytoskeletal Signaling,HSP;Antibacterial;Antibiotic,HSP90β,7-Aminocephalosporanic acid is an HSP90β inhibitor used in the synthesis of cephalosporin antibiotics and their intermediates.,"Wang S, et al. Ind Eng Chem Res, 2005, 44 (10), 3783–3787"
71,PHD215176,h,2,50,10,DMSO,T0141,Cephalonium,Cefalonium,5575-21-3,C([O-])(=O)C=1N2[C@@]([C@H](NC(CC3=CC=CS3)=O)C2=O)(SCC1C[N+]=4C=CC(C(N)=O)=CC4)[H],C20H18N4O5S2,458.51,Microbiology/Virology;Others,Others;Antibacterial;Antibiotic,Others,Cephalonium (Cefalonium) is a first-generation cephalosporin antibiotic.,"Demon D, et al. Vet Microbiol. 2012 Nov 9;160(1-2):141-50."
72,PHD215176,h,3,50,10,DMSO,T13926,Tigemonam,,102507-71-1,N(C(/C(=N\OCC(O)=O)/C=1N=C(N)SC1)=O)[C@H]2C(C)(C)N(OS(=O)(=O)O)C2=O,C12H15N5O9S2,437.41,Microbiology/Virology,Antibacterial;Antibiotic,Others,"Tigemonam is a monobactam, a novel orally administered monobactam that protects against gram-negative aerobic bacterial pathogens and is at least as active against clinical isolates of Enterobacteriaceae as amitraz or carmonan (MIC90: 0.06-16 mg/l). [3]","Rylander M, et al. Comparative in-vitro activity of tigemonam, a new monobactam. J Antimicrob Chemother. 1988 Sep;22(3):307-13.;Clark JM, et al. In vivo evaluation of tigemonam, a novel oral monobactam. Antimicrob Agents Chemother. 1987 Feb;31(2):226-9. doi: 10.1128/AAC.31.2.226.;Nélet F,et al. Tigemonam activity against clinical isolates of Enterobacteriaceae and Enterobacteriaceae with known mechanisms of resistance to beta-lactam antibiotics. J Antimicrob Chemother. 1989 Aug;24(2):173-81."
73,PHD215176,h,4,50,10,DMSO,T14922,Cefodizime,,69739-16-8,C(O)(=O)C=1N2[C@@]([C@H](NC(/C(=N\OC)/C=3N=C(N)SC3)=O)C2=O)(SCC1CSC=4SC(CC(O)=O)=C(C)N4)[H],C20H20N6O7S4,584.67,Microbiology/Virology,Antibacterial;Antibiotic,Bacterial;Antibiotic,Cefodizime is a new cephalosporin antibiotic with a wide range of biological activities.Cefodizime is non-toxic to the kidneys and is well tolerated with immunomodulatory activity.Cefodizime has antimicrobial activity and is used in the study of serious infections of the respiratory and urinary systems.,"Hu T, et al. Probing the interaction of cefodizime with human serum albumin using multi-spectroscopic and molecular docking techniques. J Pharm Biomed Anal. 2015 Mar 25;107:325-32.;Barradell LB, et al. Cefodizime. A review of its antibacterial activity, pharmacokinetic properties and therapeutic use. Drugs. 1992 Nov;44(5):800-34."
74,PHD215176,h,5,50,10,DMSO,T67977,Cefazaflur,,58665-96-6,C(O)(=O)C=1N2[C@@]([C@H](NC(CSC(F)(F)F)=O)C2=O)(SCC1CSC=3N(C)N=NN3)[H],C13H13F3N6O4S3,470.47,Microbiology/Virology,Antibiotic,Antibiotic,Cefazaflur is a novel semi-synthetic cephalosporin derivative that can be used as an Antibiotic agent.,"Harvengt C, et al. Pharmacokinetic study of cefazaflur compared to cephalothin and cefazolin. J Clin Pharmacol. 1977;17(2-3):128-133.;Actor P, et al. In vitro studies with cefazaflur and other parenteral cephalosporins. J Antibiot (Tokyo). 1977;30(9):730-735.;Counts GW, et al. Cefazaflur, a new parenteral cephalosporin: in vitro studies. Antimicrob Agents Chemother. 1977;11(4):708-711."
75,PHD215176,h,6,50,10,DMSO,T124492,Imipenem,N-Formimidoyl thienamycin;MK0787,64221-86-9,C[C@@H](O)[C@@H]1[C@H]2CC(SCCNC=N)=C(N2C1=O)C(O)=O,C12H17N3O4S,299.35,Microbiology/Virology,Antibacterial;Antibiotic;Antifungal,Fungal,Imipenem (MK0787) is a thienomycin derivative that belongs to the class of antibiotics with antibacterial activity and partial inhibition against gram-positive and gram-negative bacteria. Imipenem can be used to study carbapenem non-susceptible infections and Pseudomonas aeruginosa biofilm infections.,"F P Tally, et al. In vitro activity of N-formimidoyl thienamycin (MK0787). Antimicrob Agents Chemother. 1980 Oct;18(4):642-4.;Johann Motsch, et al. RESTORE-IMI 1: A Multicenter, Randomized, Double-blind Trial Comparing Efficacy and Safety of Imipenem/Relebactam vs Colistin Plus Imipenem in Patients With Imipenem-nonsusceptible Bacterial Infections. Clin Infect Dis. 2020 Apr 15;70(9):1799-1808.;Wang Hengzhuang, et al. In vivo pharmacokinetics/pharmacodynamics of colistin and imipenem in Pseudomonas aeruginosa biofilm infection. Antimicrob Agents Chemother. 2012 May;56(5):2683-90."
76,PHD215176,h,7,50,10,DMSO,T19860,Clavulanic Acid,BRL 14151;MM-14151;MM 14151;RX-10100;MM14151;BRL14151;BRL-14151,58001-44-8,[H][C@@]12CC(=O)N1[C@@H](C(O)=O)\C(O2)=C\CO,C8H9NO5,199.16,Microbiology/Virology,Antibacterial;Antibiotic;Antifungal,β-Lactamase;Fungal,"Clavulanic Acid(RX-10100), a major beta-lactam antibiotic produced by the organism Streptomyces claveris, is a potent bacterial beta-lactamase inhibitor used in the study of infections caused by bacteria. Clavulanic Acid has a broad spectrum of biological activity and is active against a wide variety of Gram-positive and Gram-negative bacteria.","Neu HC, et al. Clavulanic acid, a novel inhibitor of beta-lactamases. Antimicrob Agents Chemother. 1978 Nov;14(5):650-5.;Parag S Saudagar, et al. Clavulanic acid: a review. Biotechnol Adv. Jul-Aug 2008;26(4):335-51;Beceiro A,et al. In vitro activity and in vivo efficacy of clavulanic acid against Acinetobacter baumannii. Antimicrob Agents Chemother. 2009 Oct;53(10):4298-304.;Soyocak A, et al. Tannic acid exhibits anti-inflammatory effects on formalin-induced paw edema model of inflammation in rats. Hum Exp Toxicol. 2019 Nov;38(11):1296-1301."
77,PHD215176,h,8,50,10,DMSO,T20022,Cephalexin monohydrate,Cephalexin hydrate;Cephacillin hydrate;Cefalexin hydrate,23325-78-2,O=C1N2[C@@]([C@@H]1NC([C@H](N)C3=CC=CC=C3)=O)(SCC(C)=C2C(O)=O)[H].O,C16H19N3O5S,365.40,Microbiology/Virology,Antibacterial;Antibiotic,Antibiotic,Cephalexin monohydrate (Cephalexin hydrate) is an orally available semi-synthetic cephalosporin antibiotic with significant antimicrobial activity that inhibits bacterial proliferation by targeting penicillin-binding proteins (PBPs).,"Buck RE, et, al. Cefadroxil, a new broad-spectrum cephalosporin. Antimicrob Agents Chemother. 1977 Feb;11(2):324-30.;Wang X, Qiu H, Liu X, Jiang S. [Separation of bases, phenols and pharmaceuticals on ionic liquid-modified silica stationary phase with pure water as mobile phase]. Se Pu. 2011 Mar;29(3):269-72. Chinese. PubMed PMID: 21657060.;Davis JL, Salmon JH, Papich MG. Pharmacokinetics and tissue fluid distribution of cephalexin in the horse after oral and i.v. administration. J Vet Pharmacol Ther. 2005 Oct;28(5):425-31. PubMed PMID: 16207304.;Cho H, et al. Beta-lactam antibiotics induce a lethal malfunctioning of the bacterial cell wall synthesis machinery. Cell. 2014 Dec 4;159(6):1300-11."
78,PHD215176,h,9,50,10,DMSO,T67978,Cefuzonam,,82219-78-1,C(O)(=O)C=1N2[C@@]([C@H](NC(/C(=N\OC)/C3=CSC(N)=N3)=O)C2=O)(SCC1CSC4=CN=NS4)[H],C16H15N7O5S4,513.59,Microbiology/Virology,Antibacterial;Antibiotic,Antibiotic,"Cefuzonam is a novel cephalosporin with anti-inflammatory and antibacterial activity that can be used in studies of respiratory tract infections, tonsillitis, and hepatobiliary infections.","Masuyoshi S, et al. Comparison of the in vitro and in vivo antibacterial activities of cefepime (BMY-28142) with ceftazidime, cefuzonam, cefotaxime and cefmenoxime. Drugs Exp Clin Res. 1989;15(1):1-10."
79,PHD215176,h,10,50,10,DMSO,T30787,Cefetamet sodium,Ro 15-8074/001;Ro15-8074/001;Ro-15-8074/001,65243-25-6,[O-]C(C1=C(C)CS[C@@]([C@@H]2NC(/C(C3=CSC(N)=N3)=N\OC)=O)([H])N1C2=O)=O.[Na+],C14H14N5NaO5S2,419.41,Microbiology/Virology,Antibacterial;Antibiotic,Antibiotic,Cefetamet sodium (Ro 15-8074/001) is an orally available cephalosporin antibiotic with antimicrobial activity and is used to study cirrhosis of the liver and lung infections.,"Garbacki P, et al. A SIMPLE AND-SENSITIVE STABILITY-INDICATING UHPLC-DAD METHOD FOR THE DETERMINATION OF CEFETAMET PIVOXIL HYDROCHLORIDE. Acta Pol Pharm. 2016 May-Jun;73(3):621-6.;Wyss R, et al. Determination of cefetamet and its orally active ester, cefetamet pivoxyl, in biological fluids by high-performance liquid chromatography. J Chromatogr. 1988 Aug 19;430(1):81-92.;Li C, et al. Using Monte Carlo simulation to determine optimal dosing regimen for cefetamet sodium for injection. J Chemother. 2016 Jun;28(3):172-9.;Sateesha S,et al. Formulation development and rheological studies of palatable cefetamet pivoxil hydrochloride dry powder suspension. Daru. 2011;19(2):118-25."
80,PHD215176,h,11,50,10,DMSO,T0868L,Cefepime,BMY-28142,88040-23-7,C([O-])(=O)C=1N2[C@@]([C@H](NC(/C(=N\OC)/C3=CSC(N)=N3)=O)C2=O)(SCC1C[N+]4(C)CCCC4)[H],C19H24N6O5S2,480.56,Microbiology/Virology,Antibacterial;Antibiotic,Antibiotic;Antibacterial,"Cefepime (BMY-28142) is a cephalosporin antibiotic with antimicrobial activity, induces neurotoxicity, inhibits both Gram-positive and Gram-negative, and can be used in the study of anaerobic bacteria.","Nguyen HM, Shier KL, Graber CJ. Determining a clinical framework for use of cefepime and β-lactam/β-lactamase inhibitors in the treatment of infections caused by extended-spectrum-β-lactamase-producing Enterobacteriaceae. J Antimicrob Chemother. 2014 Apr;69(4):871-80. doi: 10.1093/jac/dkt450. Epub 2013 Nov 20. Review. PubMed PMID: 24265230.;Máthé A, et al. The effect of different doses of cisplatin on the pharmacokinetic parameters of cefepime in mice. Lab Anim. 2006 Jul;40(3):296-300.;Fugate JE,et al. Cefepime neurotoxicity in the intensive care unit: a cause of severe, underappreciated encephalopathy. Crit Care. 2013 Nov 7;17(6):R264.;Saito H,et al; Central Japan Lung Study Group. Cefepime monotherapy for febrile neutropenia in patients with lung cancer. J Infect Chemother. 2014 Jun;20(6):365-9."
81,PHD215177,a,2,50,10,DMSO,T75295,Ceftriaxone,,73384-59-5,C(O)(=O)C=1N2[C@@]([C@H](NC(/C(=N\OC)/C3=CSC(N)=N3)=O)C2=O)(SCC1CSC=4N(C)NC(=O)C(=O)N4)[H],C18H18N8O7S3,554.58,Cell Cycle/Checkpoint;Microbiology/Virology;Chromatin/Epigenetic;PI3K/Akt/mTOR signaling;Stem Cells,Antibacterial;Antibiotic;Aurora Kinase;Antifungal;GSK-3,Fungal,Ceftriaxone is a novel cephalosporin antibiotic with antimicrobial activity against most Gram-positive and Gram-negative bacteria.Ceftriaxone also exhibits anti-inflammatory and antioxidant activity.,"Nahata MC, et al. Ceftriaxone: a third-generation cephalosporin. Drug Intell Clin Pharm. 1985;19(12):900-906.;Hakimizadeh E, et al. Ceftriaxone improves hepatorenal damages in mice subjected to D-galactose-induced aging. Life Sci. 2020;258:118119."
82,PHD215177,a,3,50,10,DMSO,T0224,Meropenem,SM 7338,96036-03-2,C(O)(=O)C=1N2[C@@]([C@@]([C@@H](C)O)(C2=O)[H])([C@@H](C)C1S[C@H]3C[C@@H](C(N(C)C)=O)NC3)[H],C17H25N3O5S,383.46,Microbiology/Virology,Antibacterial;Antibiotic,Antibiotic; Bacterial; D-alanyl-D-alanine carboxypeptidase DacB; β-Lactamase,"Meropenem (SM 7338) is a synthetic carbapenem antibiotic with broad-spectrum antibacterial activity. It exerts a bactericidal effect by inhibiting the synthesis of peptidoglycan in the bacterial cell wall and is active against a wide range of Gram-positive, Gram-negative, and anaerobic bacteria. Meropenem is active against both susceptible and resistant Neisseria gonorrhoeae (MIC values of 0.02–0.06 mg/mL), Haemophilus influenzae (MIC: 0.03–0.12 mg/mL), and Klebsiella pneumoniae (MIC: 0.015–0.12 mg/mL). Meropenem can be used for constructing bacterial infection models and screening for antimicrobial activity.","Drusano GL, et al. Scand J Infect Dis Suppl, 1995, 96, 11-16.;Weissfuss C, et al. Adjunctive phage therapy improves antibiotic treatment of ventilator-associated-pneumonia with Pseudomonas aeruginosa. Nat Commun. 2025 May 15;16(1):4500.;Yokogawa K, et al. Pharm Res, 2001, 18(9), 1320-1326.;Yang K, Li H Z, Zhu X, et al. Rapid Antibiotic Susceptibility Testing of Pathogenic Bacteria Using Heavy Water-Labeled Single-Cell Raman Spectroscopy in Clinical Samples[J]. Analytical chemistry. 2019 May 7;91(9):6296-6303.;Liu S, et al. Magnolol restores the activity of meropenem against NDM-1-producing Escherichia coli by inhibiting the activity of metallo-beta-lactamase. Cell Death Discov. 2018 Feb 20;4:28.;Yang Y et al. J Antimicrob Chemother, 1995, 35(1), 75-84."
83,PHD215177,a,4,50,10,DMSO,T0985,Oxacillin sodium salt,Oxacillin sodium;Oxabel sodium salt,1173-88-2,[Na+].Cc1onc(c1C(=O)N[C@H]1[C@H]2SC(C)(C)[C@@H](N2C1=O)C([O-])=O)-c1ccccc1,C19H18N3NaO5S,423.43,Microbiology/Virology,Antibacterial;Antibiotic,antibiotic; Bacterial,Oxacillin sodium salt (Oxabel) is an antibiotic similar to FLUCLOXACILLIN used in resistant staphylococci infections.,"Woods GL, Yam P. Antimicrob Agents ChemOthers. 1988 Nov;32(11):1614-8."
84,PHD215177,a,5,50,10,DMSO,T1029,Aztreonam,"SQ-26,776",78110-38-0,C[C@H]1[C@H](NC(=O)C(=N/OC(C)(C)C(O)=O)\c2csc(N)n2)C(=O)N1S(O)(=O)=O,C13H17N5O8S2,435.43,Microbiology/Virology,Antibacterial;Antibiotic,Antibiotic; Bacterial; PBPs; β-Lactamase,"Aztreonam (SQ-26,776), a monocyclic beta-lactam antibiotic originally isolated from Chromobacterium violaceum, possesses bactericidal activity.","Yu Q, et al. J Antimicrob Chemother,2012, 67(11), 2673-2681.;Charak BS, et al. J Antimicrob Chemother,1991, 27(1), 95-104.;Ohmori S, et al. Pharmacology,1994, 48(3), 137-142.;Sakurai Y, et al. J Antibiot (Tokyo), 1990, 43(4), 403-410.;Deguchi K, et al. Jpn J Antibiot, 1991, 44(5), 529-537."
85,PHD215177,a,6,50,10,DMSO,T1070,Cefmetazole sodium,Sodium cefmetazole,56796-39-5,[C@]1([C@@H]2N(C1=O)C(=C(CS2)CSc1n(nnn1)C)C(=O)[O-])(NC(=O)CSCC#N)OC.[Na+],C15H16N7NaO5S3,493.52,Microbiology/Virology,Antibacterial;Antibiotic,Antibacterial; Antibiotic; Bacterial,"Cefmetazole sodium (Sodium cefmetazole) is a semisynthetic cephamycin antibiotic with broad-spectrum activity against both gram-positive and gram-negative microorganisms. It demonstrates a high rate of efficacy in various types of infections, and to date, no severe side effects have been noted.","Inagaki K, et al. J Parenter Sci Technol. 1993 Jan-Feb;47(1):35-9."
86,PHD215177,a,7,50,10,DMSO,T1118,Cefprozil monohydrate,Cefprozil;Cefprozil hydrate,121123-17-9,O.CC=CC1=C(N2[C@H](SC1)[C@H](NC(=O)[C@H](N)c1ccc(O)cc1)C2=O)C(O)=O,C18H21N3O6S,407.44,Microbiology/Virology,Antibacterial;Antibiotic,Antibiotic; Bacterial; PBPs,Cefprozil monohydrate (Cefprozil) is a second-generation cephalosporin-type antibiotic.,"Nakanomyo H, et al. Jpn J Antibiot,1992, 45(11), 1469-1473.;Wiseman LR, et al. Drugs,1993, 45(2), 295-317.;Ritchie DJ, et al. Clin Ther,1993, 15(1), 107-113.;Thornsberry C, et al. Clin Infect Dis,1992, 14 Suppl 2, S189-194."
87,PHD215177,a,8,50,10,DMSO,T1312,Nafcillin sodium monohydrate,CL 8491,7177-50-6,O.[Na+].CCOc1ccc2ccccc2c1ON[C@H]1[C@H]2SC(C)(C)[C@@H](N2C1=O)C([O-])=O,C21H21N2O5SNa·H2O,454.47,Microbiology/Virology,Antibacterial;Antibiotic,Antibiotic; Bacterial; β-Lactamase,"Nafcillin sodium monohydrate (CL 8491) is the sodium salt form of nafcillin, a semi-synthetic naphthalene, penicillin-related Nafcillin inhibits bacterial wall synthesis by a mechanism of action similar to penicillin. Penicillinase-resistant Nafcillin is used to treat infections caused by penicillin-resistant strains of Staphylococci.","Schwichtenberg AH. JAMA, 1965, 191:930-931.;Tan AK, et al. Biochem J, 1992, 281 ( Pt 1), 191-196."
88,PHD215177,a,9,50,10,DMSO,T1190,Cefmenoxime hydrochloride,Cefmenoxime hemihydrochloride;SCE-1365 hemihydrochloride,75738-58-8,OC(C1=C(CSC2=NN=NN2C)CS[C@@]([C@@H]3NC(/C(C4=CSC(N)=N4)=N\OC)=O)([H])N1C3=O)=O.OC(C5=C(CSC6=NN=NN6C)CS[C@@]([C@@H]7NC(/C(C8=CSC(N)=N8)=N\OC)=O)([H])N5C7=O)=O.Cl,C32H35ClN18O10S6,1059.58,Microbiology/Virology,Antibacterial;Antibiotic;Antifection,Antibiotic; Bacterial; Fts1; PBPs,"Cefmenoxime hydrochloride (Cefmenoxime hemihydrochloride) is a cephalosporin antibiotic that is administered intravenously or intramuscularly. It is active against most common gram-positive and gram-negative microorganisms, is a potent inhibitor of Enterobacteriaceae, and is highly resistant to hydrolysis by beta-lactamases. The drug has a high rate of efficacy in many types of infection and to date, no severe side effects have been noted.","Tsuchiya K, et al. Antimicrob Agents ChemOthers. 1981 Jan;19(1):56-65."
89,PHD215177,a,10,50,10,DMSO,T1631,Sulbactam,CP45899,68373-14-8,[Na+].[H][C@@]12CC(=O)N1C(C([O-])=O)C(C)(C)S2(=O)=O,C8H11NO5S,233.24,Microbiology/Virology,Antibacterial;Antibiotic,Antibiotic; Bacterial; β-Lactamase,"Sulbactam (CP45899) is a semi-synthetic beta-lactamase inhibitor. The beta-lactam ring of sulbactam irreversibly binds to beta-lactamase at or near its active site, thereby blocking enzyme activity and preventing metabolism of other beta-lactam antibiotics by the enzyme. Combining this agent with a beta-lactamase susceptible antibiotic, such as penicillins or a cephalosporin, to treat infections caused by beta-lactamase producing organisms, results in a decreased turnover rate of the beta-lactamase sensitive antibiotic and enhances its antibacterial activity.","Singh GS, et al. Mini Rev Med Chem. 2004 Jan;4(1):93-109."
90,PHD215177,a,11,50,10,DMSO,T6231,Tebipenem Pivoxil,ME1211;Orapenem,161715-24-8,C(OCOC(C(C)(C)C)=O)(=O)C=1N2[C@@]([C@@]([C@@H](C)O)(C2=O)[H])([C@@H](C)C1SC3CN(C3)C4=NCCS4)[H],C22H31N3O6S2,497.63,Microbiology/Virology,Antibacterial;Antibiotic,Antibiotic; Bacterial,"Tebipenem Pivoxil (Orapenem) , an orally activity carbapenem antibiotic, is utilized in treating otolaryngologic and respiratory infections.","Kobayashi R, et al. Antimicrob Agents Chemother,2005, 49(3), 889-894.;Kijima K, et al. Jpn J Antibiot,2009, 62(3), 214-240.;Hotomi M, et al. Vaccine,2007, 25(13), 2478-2484.;Muratani T, et al. Jpn J Antibiot,2009, 62(2), 116-126.;Kato K, et al. Mol Pharm,2010, 7(5), 1747-1756."
91,PHD215177,b,2,50,10,DMSO,T4501,Ceftizoxime,Epocelin,68401-81-0,O=C1N2[C@@]([C@@H]1NC(/C(=N\OC)/C3=CSC(N)=N3)=O)(SCC=C2C(O)=O)[H],C13H13N5O5S2,383.40,Microbiology/Virology,Antibacterial;Antibiotic,Antibacterial; Antibiotic; Bacterial,"Ceftizoxime (Epocelin) is a cephalosporin-based, potent antibacterial agent which can be administered intravenously or by suppository. It is highly resistant to a broad spectrum of beta-lactamases and is active against a wide range of both aerobic and anaerobic gram-positive and gram-negative organisms.","Ekinci D, et al. Susceptibility of cord blood antioxidant enzymes glutathione reductase, glutathione peroxidase and glutathione S-transferase to different antibiotics: in vitro approach[J]. Journal of Enzyme Inhibition & Medicinal Chemistry, 2013, 28(4):824-829.;Zhang J, et al. Toxic effects of cephalosporins with specific functional groups as indicated by zebrafish embryo toxicity testing[J]. Chemical Research in Toxicology, 2013, 26(8):1168-1181."
92,PHD215177,b,3,50,10,DMSO,T5024,Cefotiam Hexetil Hydrochloride,,95789-30-3,Cl.Cl.[H][C@]12SCC(CSc3nnnn3CCN(C)C)=C(N1C(=O)[C@H]2NC(=O)Cc1csc(N)n1)C(=O)OC(C)OC(=O)OC1CCCCC1,C27H37N9O7S3.2ClH,768.77,Microbiology/Virology,Antibacterial;Antibiotic,Antibiotic; Bacterial; PBPs,"Cefotiam Hexetil Hydrochloride is a third-generation, semi-synthetic, beta-lactam cephalosporin antibiotic with antibacterial activity.","Matsuda K, et al. Antimicrob Agents ChemOthers. 1995 Dec;39(12):2631-4."
93,PHD215177,b,4,50,10,DMSO,T7387,Ceftaroline fosamil,TAK-599;PPI0903,400827-46-5,CCON=C(C1=NSC(=N1)NP(=O)(O)O)C(=O)NC2C3N(C2=O)C(=C(CS3)SC4=NC(=CS4)C5=CC=[N+](C=C5)C)C(=O)O.CC(=O)[O-],C24H25N8O10PS4,744.74,Microbiology/Virology,Antibacterial;Antibiotic,Antibiotic; Bacterial,"Ceftaroline fosamil (TAK-599) is a cephalosporin, with activity against Gram-positive pathogens.","Zhong, Nan Shan, Sun, Tieying, Zhuo, Chao,et,al. Ceftaroline fosamil versus ceftriaxone for the treatment of Asian patients with community-acquired pneumonia: a randomised, controlled, double-blind, phase 3, non-inferiority with nested superiority trial[J]. Lancet Infectious Diseases, 2015, 15(2):161-171.;So W, et al. Comparison of in vivo and in vitro pharmacodynamics of a humanized regimen of 600 milligrams of Ceftaroline Fosamil every 12 hours against Staphylococcus aureus at initial inocula of 106 and 108 CFU per milliliter. Antimicrob Agents Chemother. 2014 Nov;58(11):6931-3."
94,PHD215177,b,5,50,10,DMSO,T22314,Doripenem,,148016-81-3,C(O)(=O)C=1N2[C@@]([C@@]([C@@H](C)O)(C2=O)[H])([C@@H](C)C1S[C@H]3C[C@@H](CNS(N)(=O)=O)NC3)[H],C15H24N4O6S2,420.5,Microbiology/Virology,Antibacterial;Antibiotic,antibiotic; Bacterial,Doripenem is a new parenteral carbapenem antibiotic with broad-spectrum activity against gram-negative and gram-positive pathogens.,"Jones RN, et al. Doripenem (S-4661), a novel carbapenem: comparative activity against contemporary pathogens including bactericidal action and preliminary in vitro methods evaluations. J Antimicrob Chemother. 2004 Jul;54(1):144-54. Epub 2004 Jun 9.;Wagenlehner, Florian, M, et al. Ceftazidime-avibactam Versus Doripenem for the Treatment of Complicated Urinary Tract Infections, Including Acute Pyelonephritis: RECAPTURE, a Phase 3 Randomized Trial Program[J]. Clinical Infectious Diseases, 2016."
95,PHD215177,b,6,50,10,DMSO,T21369,Mecillinam,Amdinocillin;Mecillinamum;Hexacillin;Coactin;Penicillin HX,32887-01-7,[H][C@]12SC(C)(C)[C@@H](N1C(=O)[C@H]2\N=C\N1CCCCCC1)C(O)=O,C15H23N3O3S,325.43,Microbiology/Virology,Antibacterial;Antibiotic,Bacterial,"Mecillinam (Hexacillin), an extended-spectrum penicillin antibiotic, is considered to be active against Gram-negative bacteria by binding specifically to penicillin-binding protein 2 (PBP2). It is used primarily to treat urinary tract infections and has also been used in the treatment of paratyphoid fever and typhoid.","Kerrn MB, Frimodt-Møller N, Espersen F. Effects of sulfamethizole and amdinocillin against Escherichia coli strains (with various susceptibilities) in an ascending urinary tract infection mouse model. Antimicrob Agents Chemother. 2003 Mar;47(3):1002-9. PubMed PMID: 12604534; PubMed Central PMCID: PMC149286.;Thulin E, Sundqvist M, Andersson DI. Amdinocillin (Mecillinam) resistance mutations in clinical isolates and laboratory-selected mutants of Escherichia coli. Antimicrob Agents Chemother. 2015 Mar;59(3):1718-27.;Yourassowsky E, van der Linden MP, Lismont MJ, Crokaert F, Glupczynski Y. Protective effect of amdinocillin against emergence of resistance to ceftazidime in Enterobacter cloacae. Antimicrob Agents Chemother. 1988 Nov;32(11):1632-5. PubMed PMID: 3075433; PubMed Central PMCID: PMC175942.;Olson ME, Nickel JC, Khoury AE, Morck DW, Cleeland R, Costerton JW. Amdinocillin treatment of catheter-associated bacteriuria in rabbits. J Infect Dis. 1989 Jun;159(6):1065-72. PubMed PMID: 2656876."
96,PHD215177,b,7,50,10,DMSO,T40475,Ceftobiprole medocaril,BAL5788,376653-43-9,C(O)(=O)C=1N2[C@@]([C@H](NC(/C(=N\O)/C=3N=C(N)SN3)=O)C2=O)(SCC1/C=C\4/C(=O)N(CC4)[C@H]5CN(C(OCC=6OC(=O)OC6C)=O)CC5)[H],C26H26N8O11S2,690.66,Microbiology/Virology,Antibacterial,Antibacterial,"Ceftobiprole medocaril (BAL5788), the parenteral prodrug of Ceftobiprole, is a broad-spectrum cephalosporin effective against Methicillin-resistant Staphylococcus aureus (MRSA).","W A Craig, et al. In vivo pharmacodynamics of ceftobiprole against multiple bacterial pathogens in murine thigh and lung infection models. Antimicrob Agents Chemother. 2008 Oct;52(10):3492-6."
97,PHD215177,b,8,50,10,DMSO,T20643,Cefoxitin,Rephoxitin;Cefoxitinum,35607-66-0,[H][C@]12SCC(COC(N)=O)=C(N1C(=O)[C@]2(NC(=O)Cc1cccs1)OC)C(O)=O,C16H17N3O7S2,427.45,Microbiology/Virology;Immunology/Inflammation,Cell wall;Antibacterial;Antibiotic,Antibiotic;Bacterial;cell wall,"Cefoxitin (Rephoxitin) is a broad-spectrum, orally available second-generation cephalosporins antibiotic. Cefoxitin interferes with the synthesis of bacterial cell walls. Its activity profile includes Gram-negative and Gram-positive bacteria, and is commonly used in abdominal cavity infections, pelvic infections, and certain types of gynecological infections, and is highly effective against anaerobic bacteria.","Sharifzadeh S, et al. Harnessing β-Lactam Antibiotics for Illumination of the Activity of Penicillin-Binding Proteins in Bacillus subtilis. ACS Chem Biol. 2020;15(5):1242-1251.;Stapley EO, et al. Cefoxitin and cephamycins: microbiological studies. Rev Infect Dis. 1979;1(1):73-89.;Pothineni VR, et al. In vitro and in vivo evaluation of cephalosporins for the treatment of Lyme disease. Drug Des Devel Ther. 2018;12:2915-2921.;Miller AK, et al. Cefoxitin, a semisynthetic cephamycin antibiotic: in vivo evaluation. Antimicrob Agents Chemother. 1974;5(1):33-37."
98,PHD215177,b,9,50,10,DMSO,T1118L,Cefprozil,Cefprozilo;Cefzil;Cefprozil anhydrous;Brisoral;Cefprozilum,92665-29-7,[H][C@](N)(C(=O)N[C@]1([H])C(=O)N2C(C(O)=O)=C(CS[C@]12[H])C=CC)c1ccc(O)cc1,C18H19N3O5S,389.43,Microbiology/Virology,Antibacterial;Antibiotic,Bacterial;Antibiotic,Cefprozil (Cefzil) is a novel cephalosporin antibiotic with antiviral activity for the study of immune system disorders.,"Attia KA, et al. Stability indicating methods for the analysis of cefprozil in the presence of its alkaline induced degradation product. Spectrochim Acta A Mol Biomol Spectrosc. 2016 Jan 21;159:1-6.;Pistiki A, et al. In Vitro Activity of Oral Cephalosporins (Cefprozil and Cefixime) Against Ciprofloxacin-Resistant Enterobacteriaceae from Community-Acquired Urinary-Tract Infections. Infect Dis Ther. 2015 Dec;4(4):425-32.;Attia KA, et al. Different approaches in manipulating ratio spectra applied for the analysis of Cefprozil in presence of its alkaline-induced degradation product: a comparative study. Spectrochim Acta A Mol Biomol Spectrosc. 2015 Jun 15;145:289-94.;Liu M, et al. An LC-MS/MS method for simultaneous determination of cefprozil diastereomers in human plasma and its application for the bioequivalence study of two cefprozil tablets in healthy Chinese volunteers. Biomed Chromatogr. 2016 Mar;30(3):288-93"
99,PHD215177,b,10,50,10,DMSO,T13038,Sultamicillin,,76497-13-7,[H][C@]12SC(C)(C)[C@@H](N1C(=O)[C@H]2NC(=O)[C@H](N)c1ccccc1)C(=O)OCOC(=O)[C@@H]1N2C(=O)C[C@@]2([H])S(=O)(=O)C1(C)C,C25H30N4O9S2,594.66,Microbiology/Virology,Antibacterial;Antibiotic,Antibiotic; Bacterial; β-Lactamase,Sultamicillin is an orally active double prodrug of Ampicillin/Sulbactan. Sulbactam is a semisynthetic β-Lactamase inhibitor.,"Friedel HA, et al. Sultamicillin. A review of its antibacterial activity, pharmacokinetic properties and therapeutic use. Drugs. 1989 Apr;37(4):491-522."
100,PHD215177,b,11,50,10,DMSO,T0133,Cefdinir,FK-482;CI-983;PD 134393,91832-40-5,C(O)(=O)C=1N2[C@@]([C@H](NC(/C(=N\O)/C3=CSC(N)=N3)=O)C2=O)(SCC1C=C)[H],C14H13N5O5S2,395.41,Microbiology/Virology;Metabolism,Glutathione Peroxidase;Antibacterial;Antibiotic,Antibiotic; Bacterial; MPO; PBPs,"Cefdinir (FK-482) is a third-generation, semi-synthetic cephalosporin antibiotic effective against common bacterial infections of the ear, sinus, throat, and skin.","Labro MT, et al. J Immunol,1994, 152(5), 2447-2455.;Lepsy CS, et al. Antimicrob Agents Chemother,2003, 47(2), 689-696."
101,PHD215177,c,2,50,10,DMSO,T1223,Ceftriaxone sodium hydrate,Ceftriaxone Sodium Trihydrate;Ceftriaxone disodium hemiheptahydrate,104376-79-6,[Na+].[Na+].[Na+].[Na+].O.O.O.O.O.O.O.Nc1scc(n1)\C(=N\OC)C(=O)N[C@@H]3C(=O)N4C(C([O-])=O)=C(CSC2=NC(=O)C([O-])=NN2C)CS[C@H]34.Nc1scc(n1)\C(=N\OC)C(=O)N[C@@H]3C(=O)N4C(=C(CSC2=NC(=O)C([O-])=NN2C)CS[C@H]34)C([O-])=O,C18H16N8Na2O7S3·3.5H2O,661.60,PI3K/Akt/mTOR signaling;Chromatin/Epigenetic;Cell Cycle/Checkpoint;Stem Cells;Microbiology/Virology,Antibacterial;Antibiotic;Aurora Kinase;GSK-3,Antibiotic; Bacterial,"Ceftriaxone sodium hydrate is a broad-spectrum cephalosporin antibiotic with a very long half-life and high penetrability to meninges, eyes and inner ears.","Brogden RN, et al. Drugs, 1988, 35(6), 604-645."
102,PHD215177,c,3,50,5,DMSO,T7142,Cephalosporin C zinc salt,,59143-60-1,CC(OCC1=C(N2[C@@H]([C@@H](C2=O)NC(CCC[C@H](C([O-])=O)N)=O)SC1)C([O-])=O)=O.[Zn+2],C16H19N3O8SZn,478.78,Microbiology/Virology;Others,Others;Antibacterial;Antibiotic;Virus Protease,SAMHD1,"Cephalosporin C zinc salt was a potent inhibitor of SAMHD1 (IC<sub>50</sub> : 1.1 ± 0.1 μM), and this inhibition was largely attributable to the presence of zinc.","Seamon K J , Stivers J T . A high-throughput enzyme-coupled assay for SAMHD1 dNTPase[J]. Journal of Biomolecular Screening, 2015, 20(6)."
103,PHD215178,a,2,50,10,H2O,T1364,7-Aminodeacetoxycephalosporanic acid,7-Aminodesacetoxycephalosporanic acid;7-ADCA;Cephalexin Impurity B;Cefalexine EP IMpurity B;Deacetoxycephalosporanic Acid,22252-43-3,CC1=C(N2[C@H](SC1)[C@@H](N)C2=O)C(O)=O,C8H10N2O3S,214.24,Microbiology/Virology;Others,Others;Antibiotic,antibiotic,7-Aminodeacetoxycephalosporanic acid (Cefalexine EP IMpurity B) is used as an antibiotic.,"Robin J, et al. Biotechnol Bioeng. 2003 Aug 5;83(3):353-60."
104,PHD215178,a,3,50,10,H2O,T6411,Biapenem,CLI 86815;Biapenern;Omegacin;L 627;LJC 10627,120410-24-4,C([O-])(=O)C=1N2[C@@]([C@@]([C@@H](C)O)(C2=O)[H])([C@@H](C)C1SC3CN4[N+](C3)=CN=C4)[H],C15H18N4O4S,350.39,Microbiology/Virology,Antibacterial;Antibiotic,Antibacterial; Antibiotic; Bacterial,"Biapenem (CLI 86815) is a 1-beta-methylcarbapenem antibiotic with a wide range of antibacterial activity. Biapenem has similar antibacterial activity to that of imipenem, but is more stable against human renal dehydropeptidase-I and with less neurotoxicity.","Yamada K, et al. J Infect Chemother, 2012, 18(4), 472-478.;Aldridge KE, et al. Antimicrob Agents Chemother, 1994, 38(4), 889-893.;Hara T, et al. Jpn J Antibiot, 2003, 56(2), 138-141.;Malanoski GJ, et al. Antimicrob Agents Chemother, 1993, 37(9), 22009-22016."
105,PHD215178,a,4,50,10,H2O,T1126,Penicillin V Potassium,Penicillin V potassium salt;Phenoxymethylpenicillin potassium salt,132-98-9,[K+].CC1(C)S[C@@H]2[C@H](NC(=O)COc3ccccc3)C(=O)N2[C@H]1C([O-])=O,C16H17KN2O5S,388.48,Microbiology/Virology,Antibacterial;Antibiotic,Antibiotic; Bacterial,"Penicillin V Potassium (Phenoxymethylpenicillin potassium salt) is an orally administered, broad-spectrum penicillin antibiotic used for treating mild to moderate infections caused by susceptible gram-positive organisms.","Sánchez-Morillas L, et al. Recent Pat Inflamm Allergy Drug Discov. 2014 Jan;8(1):74-6."