well,time_s,temperature_c,wavelength_nm,absorbance_a490
A1,0.0,36.9,490,0.041
A1,30.0,36.9,490,0.04
A1,60.0,36.9,490,0.04
A1,90.0,36.9,490,0.041
A1,120.0,36.9,490,0.04
A1,150.0,36.9,490,0.041
A1,180.0,36.9,490,0.041
A1,210.0,36.9,490,0.041
A1,240.0,36.9,490,0.04
A1,270.0,36.9,490,0.041
A1,300.0,36.9,490,0.041
A1,330.0,36.9,490,0.041
A1,360.0,36.9,490,0.042
A1,390.0,36.9,490,0.041
A1,420.0,36.9,490,0.04
A1,450.0,36.9,490,0.041
A1,480.0,36.9,490,0.041
A1,510.0,36.9,490,0.04
A1,540.0,36.9,490,0.04
A1,570.0,36.9,490,0.04
A1,600.0,36.9,490,0.041
A1,630.0,36.9,490,0.04
A1,660.0,36.9,490,0.041
A1,690.0,36.9,490,0.041
A1,720.0,36.9,490,0.04
A1,750.0,36.9,490,0.04
A1,780.0,36.9,490,0.041
A1,810.0,36.9,490,0.04
A1,840.0,36.9,490,0.041
A1,870.0,36.9,490,0.041
A1,900.0,36.9,490,0.04
A2,0.0,36.9,490,0.04
A2,30.0,36.9,490,0.04
A2,60.0,36.9,490,0.038
A2,90.0,36.9,490,0.038
A2,120.0,36.9,490,0.039
A2,150.0,36.9,490,0.041
A2,180.0,36.9,490,0.041
A2,210.0,36.9,490,0.04
A2,240.0,36.9,490,0.04
A2,270.0,36.9,490,0.041
A2,300.0,36.9,490,0.041
A2,330.0,36.9,490,0.041
A2,360.0,36.9,490,0.041
A2,390.0,36.9,490,0.042
A2,420.0,36.9,490,0.04
A2,450.0,36.9,490,0.038
A2,480.0,36.9,490,0.042
A2,510.0,36.9,490,0.04
A2,540.0,36.9,490,0.039
A2,570.0,36.9,490,0.038
A2,600.0,36.9,490,0.04
A2,630.0,36.9,490,0.038
A2,660.0,36.9,490,0.04
A2,690.0,36.9,490,0.04
A2,720.0,36.9,490,0.04
A2,750.0,36.9,490,0.04
A2,780.0,36.9,490,0.04
A2,810.0,36.9,490,0.04
A2,840.0,36.9,490,0.039
A2,870.0,36.9,490,0.041
A2,900.0,36.9,490,0.04
A3,0.0,36.9,490,0.04
A3,30.0,36.9,490,0.04
A3,60.0,36.9,490,0.038
A3,90.0,36.9,490,0.038
A3,120.0,36.9,490,0.039
A3,150.0,36.9,490,0.04
A3,180.0,36.9,490,0.04
A3,210.0,36.9,490,0.041
A3,240.0,36.9,490,0.04
A3,270.0,36.9,490,0.04
A3,300.0,36.9,490,0.04
A3,330.0,36.9,490,0.041
A3,360.0,36.9,490,0.041
A3,390.0,36.9,490,0.042
A3,420.0,36.9,490,0.04
A3,450.0,36.9,490,0.04
A3,480.0,36.9,490,0.042
A3,510.0,36.9,490,0.04
A3,540.0,36.9,490,0.04
A3,570.0,36.9,490,0.039
A3,600.0,36.9,490,0.04
A3,630.0,36.9,490,0.038
A3,660.0,36.9,490,0.04
A3,690.0,36.9,490,0.041
A3,720.0,36.9,490,0.04
A3,750.0,36.9,490,0.04
A3,780.0,36.9,490,0.04
A3,810.0,36.9,490,0.041
A3,840.0,36.9,490,0.039
A3,870.0,36.9,490,0.041
A3,900.0,36.9,490,0.04
A4,0.0,36.9,490,0.039
A4,30.0,36.9,490,0.039
A4,60.0,36.9,490,0.039
A4,90.0,36.9,490,0.039
A4,120.0,36.9,490,0.039
A4,150.0,36.9,490,0.041
A4,180.0,36.9,490,0.04
A4,210.0,36.9,490,0.04
A4,240.0,36.9,490,0.039
A4,270.0,36.9,490,0.041
A4,300.0,36.9,490,0.04
A4,330.0,36.9,490,0.041
A4,360.0,36.9,490,0.041
A4,390.0,36.9,490,0.042
A4,420.0,36.9,490,0.039
A4,450.0,36.9,490,0.039
A4,480.0,36.9,490,0.043
A4,510.0,36.9,490,0.04
A4,540.0,36.9,490,0.041
A4,570.0,36.9,490,0.04
A4,600.0,36.9,490,0.038
A4,630.0,36.9,490,0.038
A4,660.0,36.9,490,0.039
A4,690.0,36.9,490,0.04
A4,720.0,36.9,490,0.039
A4,750.0,36.9,490,0.039
A4,780.0,36.9,490,0.041
A4,810.0,36.9,490,0.039
A4,840.0,36.9,490,0.039
A4,870.0,36.9,490,0.04
A4,900.0,36.9,490,0.038
A5,0.0,36.9,490,0.04
A5,30.0,36.9,490,0.039
A5,60.0,36.9,490,0.038
A5,90.0,36.9,490,0.039
A5,120.0,36.9,490,0.039
A5,150.0,36.9,490,0.04
A5,180.0,36.9,490,0.04
A5,210.0,36.9,490,0.041
A5,240.0,36.9,490,0.04
A5,270.0,36.9,490,0.041
A5,300.0,36.9,490,0.04
A5,330.0,36.9,490,0.04
A5,360.0,36.9,490,0.04
A5,390.0,36.9,490,0.042
A5,420.0,36.9,490,0.04
A5,450.0,36.9,490,0.04
A5,480.0,36.9,490,0.042
A5,510.0,36.9,490,0.04
A5,540.0,36.9,490,0.04
A5,570.0,36.9,490,0.04
A5,600.0,36.9,490,0.039
A5,630.0,36.9,490,0.038
A5,660.0,36.9,490,0.04
A5,690.0,36.9,490,0.04
A5,720.0,36.9,490,0.039
A5,750.0,36.9,490,0.04
A5,780.0,36.9,490,0.041
A5,810.0,36.9,490,0.039
A5,840.0,36.9,490,0.04
A5,870.0,36.9,490,0.04
A5,900.0,36.9,490,0.039
A6,0.0,36.9,490,0.039
A6,30.0,36.9,490,0.041
A6,60.0,36.9,490,0.038
A6,90.0,36.9,490,0.039
A6,120.0,36.9,490,0.039
A6,150.0,36.9,490,0.04
A6,180.0,36.9,490,0.04
A6,210.0,36.9,490,0.04
A6,240.0,36.9,490,0.038
A6,270.0,36.9,490,0.041
A6,300.0,36.9,490,0.041
A6,330.0,36.9,490,0.04
A6,360.0,36.9,490,0.041
A6,390.0,36.9,490,0.042
A6,420.0,36.9,490,0.04
A6,450.0,36.9,490,0.04
A6,480.0,36.9,490,0.043
A6,510.0,36.9,490,0.04
A6,540.0,36.9,490,0.04
A6,570.0,36.9,490,0.038
A6,600.0,36.9,490,0.039
A6,630.0,36.9,490,0.039
A6,660.0,36.9,490,0.04
A6,690.0,36.9,490,0.04
A6,720.0,36.9,490,0.041
A6,750.0,36.9,490,0.038
A6,780.0,36.9,490,0.039
A6,810.0,36.9,490,0.04
A6,840.0,36.9,490,0.04
A6,870.0,36.9,490,0.04
A6,900.0,36.9,490,0.038
A7,0.0,36.9,490,0.039
A7,30.0,36.9,490,0.04
A7,60.0,36.9,490,0.038
A7,90.0,36.9,490,0.038
A7,120.0,36.9,490,0.039
A7,150.0,36.9,490,0.04
A7,180.0,36.9,490,0.04
A7,210.0,36.9,490,0.04
A7,240.0,36.9,490,0.04
A7,270.0,36.9,490,0.041
A7,300.0,36.9,490,0.04
A7,330.0,36.9,490,0.041
A7,360.0,36.9,490,0.041
A7,390.0,36.9,490,0.042
A7,420.0,36.9,490,0.041
A7,450.0,36.9,490,0.04
A7,480.0,36.9,490,0.042
A7,510.0,36.9,490,0.04
A7,540.0,36.9,490,0.041
A7,570.0,36.9,490,0.039
A7,600.0,36.9,490,0.04
A7,630.0,36.9,490,0.04
A7,660.0,36.9,490,0.04
A7,690.0,36.9,490,0.04
A7,720.0,36.9,490,0.04
A7,750.0,36.9,490,0.039
A7,780.0,36.9,490,0.039
A7,810.0,36.9,490,0.04
A7,840.0,36.9,490,0.04
A7,870.0,36.9,490,0.041
A7,900.0,36.9,490,0.039
A8,0.0,36.9,490,0.04
A8,30.0,36.9,490,0.04
A8,60.0,36.9,490,0.039
A8,90.0,36.9,490,0.041
A8,120.0,36.9,490,0.04
A8,150.0,36.9,490,0.04
A8,180.0,36.9,490,0.04
A8,210.0,36.9,490,0.04
A8,240.0,36.9,490,0.04
A8,270.0,36.9,490,0.041
A8,300.0,36.9,490,0.041
A8,330.0,36.9,490,0.041
A8,360.0,36.9,490,0.041
A8,390.0,36.9,490,0.042
A8,420.0,36.9,490,0.041
A8,450.0,36.9,490,0.04
A8,480.0,36.9,490,0.042
A8,510.0,36.9,490,0.04
A8,540.0,36.9,490,0.041
A8,570.0,36.9,490,0.039
A8,600.0,36.9,490,0.039
A8,630.0,36.9,490,0.039
A8,660.0,36.9,490,0.041
A8,690.0,36.9,490,0.039
A8,720.0,36.9,490,0.04
A8,750.0,36.9,490,0.038
A8,780.0,36.9,490,0.039
A8,810.0,36.9,490,0.041
A8,840.0,36.9,490,0.04
A8,870.0,36.9,490,0.04
A8,900.0,36.9,490,0.039
A9,0.0,36.9,490,0.041
A9,30.0,36.9,490,0.041
A9,60.0,36.9,490,0.039
A9,90.0,36.9,490,0.039
A9,120.0,36.9,490,0.041
A9,150.0,36.9,490,0.041
A9,180.0,36.9,490,0.042
A9,210.0,36.9,490,0.041
A9,240.0,36.9,490,0.041
A9,270.0,36.9,490,0.042
A9,300.0,36.9,490,0.041
A9,330.0,36.9,490,0.042
A9,360.0,36.9,490,0.042
A9,390.0,36.9,490,0.044
A9,420.0,36.9,490,0.042
A9,450.0,36.9,490,0.042
A9,480.0,36.9,490,0.044
A9,510.0,36.9,490,0.041
A9,540.0,36.9,490,0.041
A9,570.0,36.9,490,0.041
A9,600.0,36.9,490,0.039
A9,630.0,36.9,490,0.041
A9,660.0,36.9,490,0.042
A9,690.0,36.9,490,0.041
A9,720.0,36.9,490,0.041
A9,750.0,36.9,490,0.039
A9,780.0,36.9,490,0.04
A9,810.0,36.9,490,0.041
A9,840.0,36.9,490,0.042
A9,870.0,36.9,490,0.042
A9,900.0,36.9,490,0.04
A10,0.0,36.9,490,0.039
A10,30.0,36.9,490,0.041
A10,60.0,36.9,490,0.039
A10,90.0,36.9,490,0.04
A10,120.0,36.9,490,0.04
A10,150.0,36.9,490,0.04
A10,180.0,36.9,490,0.042
A10,210.0,36.9,490,0.041
A10,240.0,36.9,490,0.041
A10,270.0,36.9,490,0.041
A10,300.0,36.9,490,0.04
A10,330.0,36.9,490,0.042
A10,360.0,36.9,490,0.041
A10,390.0,36.9,490,0.042
A10,420.0,36.9,490,0.041
A10,450.0,36.9,490,0.041
A10,480.0,36.9,490,0.044
A10,510.0,36.9,490,0.04
A10,540.0,36.9,490,0.042
A10,570.0,36.9,490,0.04
A10,600.0,36.9,490,0.04
A10,630.0,36.9,490,0.039
A10,660.0,36.9,490,0.039
A10,690.0,36.9,490,0.039
A10,720.0,36.9,490,0.041
A10,750.0,36.9,490,0.039
A10,780.0,36.9,490,0.04
A10,810.0,36.9,490,0.04
A10,840.0,36.9,490,0.04
A10,870.0,36.9,490,0.041
A10,900.0,36.9,490,0.039
A11,0.0,36.9,490,0.039
A11,30.0,36.9,490,0.039
A11,60.0,36.9,490,0.038
A11,90.0,36.9,490,0.038
A11,120.0,36.9,490,0.039
A11,150.0,36.9,490,0.04
A11,180.0,36.9,490,0.04
A11,210.0,36.9,490,0.039
A11,240.0,36.9,490,0.04
A11,270.0,36.9,490,0.041
A11,300.0,36.9,490,0.04
A11,330.0,36.9,490,0.041
A11,360.0,36.9,490,0.041
A11,390.0,36.9,490,0.042
A11,420.0,36.9,490,0.04
A11,450.0,36.9,490,0.04
A11,480.0,36.9,490,0.043
A11,510.0,36.9,490,0.04
A11,540.0,36.9,490,0.04
A11,570.0,36.9,490,0.04
A11,600.0,36.9,490,0.04
A11,630.0,36.9,490,0.039
A11,660.0,36.9,490,0.039
A11,690.0,36.9,490,0.039
A11,720.0,36.9,490,0.04
A11,750.0,36.9,490,0.039
A11,780.0,36.9,490,0.039
A11,840.0,36.9,490,0.039
A11,870.0,36.9,490,0.041
A11,900.0,36.9,490,0.039
A12,0.0,36.9,490,0.039
A12,30.0,36.9,490,0.039
A12,60.0,36.9,490,0.037
A12,90.0,36.9,490,0.038
A12,120.0,36.9,490,0.039
A12,150.0,36.9,490,0.04
A12,180.0,36.9,490,0.04
A12,210.0,36.9,490,0.039
A12,240.0,36.9,490,0.04
A12,270.0,36.9,490,0.04
A12,300.0,36.9,490,0.04
A12,330.0,36.9,490,0.041
A12,360.0,36.9,490,0.041
A12,390.0,36.9,490,0.042
A12,420.0,36.9,490,0.041
A12,450.0,36.9,490,0.039
A12,480.0,36.9,490,0.043
A12,510.0,36.9,490,0.039
A12,540.0,36.9,490,0.041
A12,570.0,36.9,490,0.04
A12,600.0,36.9,490,0.04
A12,630.0,36.9,490,0.039
A12,660.0,36.9,490,0.04
A12,690.0,36.9,490,0.04
A12,720.0,36.9,490,0.039
A12,750.0,36.9,490,0.039
A12,780.0,36.9,490,0.04
A12,840.0,36.9,490,0.039
A12,870.0,36.9,490,0.041
A12,900.0,36.9,490,0.038
B1,0.0,36.9,490,0.042
B1,30.0,36.9,490,0.039
B1,60.0,36.9,490,0.039
B1,90.0,36.9,490,0.04
B1,120.0,36.9,490,0.04
B1,150.0,36.9,490,0.04
B1,180.0,36.9,490,0.04
B1,210.0,36.9,490,0.039
B1,240.0,36.9,490,0.041
B1,270.0,36.9,490,0.041
B1,300.0,36.9,490,0.041
B1,330.0,36.9,490,0.041
B1,360.0,36.9,490,0.04
B1,390.0,36.9,490,0.04
B1,420.0,36.9,490,0.04
B1,450.0,36.9,490,0.041
B1,480.0,36.9,490,0.041
B1,510.0,36.9,490,0.041
B1,540.0,36.9,490,0.041
B1,570.0,36.9,490,0.041
B1,600.0,36.9,490,0.041
B1,630.0,36.9,490,0.04
B1,660.0,36.9,490,0.041
B1,690.0,36.9,490,0.042
B1,720.0,36.9,490,0.04
B1,750.0,36.9,490,0.041
B1,780.0,36.9,490,0.041
B1,840.0,36.9,490,0.04
B1,870.0,36.9,490,0.04
B1,900.0,36.9,490,0.041
B2,0.0,36.9,490,0.214
B2,30.0,36.9,490,0.214
B2,60.0,36.9,490,0.215
B2,90.0,36.9,490,0.217
B2,120.0,36.9,490,0.217
B2,150.0,36.9,490,0.218
B2,180.0,36.9,490,0.219
B2,210.0,36.9,490,0.218
B2,240.0,36.9,490,0.219
B2,270.0,36.9,490,0.22
B2,300.0,36.9,490,0.22
B2,330.0,36.9,490,0.22
B2,360.0,36.9,490,0.22
B2,390.0,36.9,490,0.219
B2,420.0,36.9,490,0.219
B2,450.0,36.9,490,0.221
B2,480.0,36.9,490,0.22
B2,510.0,36.9,490,0.219
B2,540.0,36.9,490,0.22
B2,570.0,36.9,490,0.219
B2,600.0,36.9,490,0.219
B2,630.0,36.9,490,0.218
B2,660.0,36.9,490,0.217
B2,690.0,36.9,490,0.218
B2,720.0,36.9,490,0.216
B2,750.0,36.9,490,0.216
B2,780.0,36.9,490,0.216
B2,840.0,36.9,490,0.215
B2,870.0,36.9,490,0.214
B2,900.0,36.9,490,0.214
B3,0.0,36.9,490,0.095
B3,30.0,36.9,490,0.103
B3,60.0,36.9,490,0.107
B3,90.0,36.9,490,0.111
B3,120.0,36.9,490,0.115
B3,150.0,36.9,490,0.118
B3,180.0,36.9,490,0.12
B3,210.0,36.9,490,0.118
B3,240.0,36.9,490,0.121
B3,270.0,36.9,490,0.122
B3,300.0,36.9,490,0.122
B3,330.0,36.9,490,0.123
B3,360.0,36.9,490,0.122
B3,390.0,36.9,490,0.121
B3,420.0,36.9,490,0.122
B3,450.0,36.9,490,0.123
B3,480.0,36.9,490,0.121
B3,510.0,36.9,490,0.122
B3,540.0,36.9,490,0.122
B3,570.0,36.9,490,0.123
B3,600.0,36.9,490,0.122
B3,630.0,36.9,490,0.122
B3,660.0,36.9,490,0.122
B3,690.0,36.9,490,0.122
B3,720.0,36.9,490,0.12
B3,750.0,36.9,490,0.121
B3,780.0,36.9,490,0.121
B3,840.0,36.9,490,0.121
B3,870.0,36.9,490,0.121
B3,900.0,36.9,490,0.12
B4,0.0,36.9,490,0.257
B4,30.0,36.9,490,0.257
B4,60.0,36.9,490,0.256
B4,90.0,36.9,490,0.257
B4,120.0,36.9,490,0.258
B4,150.0,36.9,490,0.258
B4,180.0,36.9,490,0.257
B4,210.0,36.9,490,0.255
B4,240.0,36.9,490,0.256
B4,270.0,36.9,490,0.256
B4,300.0,36.9,490,0.255
B4,330.0,36.9,490,0.255
B4,360.0,36.9,490,0.255
B4,390.0,36.9,490,0.253
B4,420.0,36.9,490,0.254
B4,450.0,36.9,490,0.255
B4,480.0,36.9,490,0.254
B4,510.0,36.9,490,0.253
B4,540.0,36.9,490,0.254
B4,570.0,36.9,490,0.255
B4,600.0,36.9,490,0.255
B4,630.0,36.9,490,0.254
B4,660.0,36.9,490,0.254
B4,690.0,36.9,490,0.255
B4,720.0,36.9,490,0.253
B4,750.0,36.9,490,0.253
B4,780.0,36.9,490,0.254
B4,840.0,36.9,490,0.253
B4,870.0,36.9,490,0.252
B4,900.0,36.9,490,0.252
B5,0.0,36.9,490,0.04
B5,30.0,36.9,490,0.039
B5,60.0,36.9,490,0.039
B5,90.0,36.9,490,0.04
B5,120.0,36.9,490,0.04
B5,150.0,36.9,490,0.041
B5,180.0,36.9,490,0.041
B5,210.0,36.9,490,0.039
B5,240.0,36.9,490,0.042
B5,270.0,36.9,490,0.042
B5,300.0,36.9,490,0.042
B5,330.0,36.9,490,0.041
B5,360.0,36.9,490,0.041
B5,390.0,36.9,490,0.04
B5,420.0,36.9,490,0.041
B5,450.0,36.9,490,0.041
B5,480.0,36.9,490,0.04
B5,510.0,36.9,490,0.041
B5,540.0,36.9,490,0.041
B5,570.0,36.9,490,0.041
B5,600.0,36.9,490,0.041
B5,630.0,36.9,490,0.041
B5,660.0,36.9,490,0.041
B5,690.0,36.9,490,0.04
B5,720.0,36.9,490,0.04
B5,750.0,36.9,490,0.041
B5,780.0,36.9,490,0.041
B5,840.0,36.9,490,0.041
B5,870.0,36.9,490,0.04
B5,900.0,36.9,490,0.041
B6,0.0,36.9,490,0.278
B6,30.0,36.9,490,0.28
B6,60.0,36.9,490,0.282
B6,90.0,36.9,490,0.285
B6,120.0,36.9,490,0.286
B6,150.0,36.9,490,0.287
B6,180.0,36.9,490,0.288
B6,210.0,36.9,490,0.287
B6,240.0,36.9,490,0.29
B6,270.0,36.9,490,0.288
B6,300.0,36.9,490,0.287
B6,330.0,36.9,490,0.287
B6,360.0,36.9,490,0.285
B6,390.0,36.9,490,0.283
B6,420.0,36.9,490,0.283
B6,450.0,36.9,490,0.282
B6,480.0,36.9,490,0.28
B6,510.0,36.9,490,0.281
B6,540.0,36.9,490,0.28
B6,570.0,36.9,490,0.279
B6,600.0,36.9,490,0.28
B6,630.0,36.9,490,0.279
B6,660.0,36.9,490,0.278
B6,690.0,36.9,490,0.279
B6,720.0,36.9,490,0.278
B6,750.0,36.9,490,0.278
B6,780.0,36.9,490,0.277
B6,840.0,36.9,490,0.277
B6,870.0,36.9,490,0.277
B6,900.0,36.9,490,0.277
B7,0.0,36.9,490,0.095
B7,30.0,36.9,490,0.103
B7,60.0,36.9,490,0.11
B7,90.0,36.9,490,0.117
B7,120.0,36.9,490,0.123
B7,150.0,36.9,490,0.128
B7,180.0,36.9,490,0.131
B7,210.0,36.9,490,0.133
B7,240.0,36.9,490,0.138
B7,270.0,36.9,490,0.139
B7,300.0,36.9,490,0.14
B7,330.0,36.9,490,0.142
B7,360.0,36.9,490,0.143
B7,390.0,36.9,490,0.142
B7,420.0,36.9,490,0.143
B7,450.0,36.9,490,0.143
B7,480.0,36.9,490,0.143
B7,510.0,36.9,490,0.141
B7,540.0,36.9,490,0.14
B7,570.0,36.9,490,0.139
B7,600.0,36.9,490,0.138
B7,630.0,36.9,490,0.136
B7,660.0,36.9,490,0.136
B7,690.0,36.9,490,0.136
B7,720.0,36.9,490,0.135
B7,750.0,36.9,490,0.135
B7,780.0,36.9,490,0.134
B7,840.0,36.9,490,0.135
B7,870.0,36.9,490,0.135
B7,900.0,36.9,490,0.135
B8,0.0,36.9,490,0.078
B8,30.0,36.9,490,0.078
B8,60.0,36.9,490,0.08
B8,90.0,36.9,490,0.082
B8,120.0,36.9,490,0.084
B8,150.0,36.9,490,0.086
B8,180.0,36.9,490,0.088
B8,210.0,36.9,490,0.088
B8,240.0,36.9,490,0.091
B8,270.0,36.9,490,0.093
B8,300.0,36.9,490,0.095
B8,330.0,36.9,490,0.096
B8,360.0,36.9,490,0.097
B8,390.0,36.9,490,0.098
B8,420.0,36.9,490,0.1
B8,450.0,36.9,490,0.102
B8,480.0,36.9,490,0.103
B8,510.0,36.9,490,0.105
B8,540.0,36.9,490,0.108
B8,570.0,36.9,490,0.11
B8,600.0,36.9,490,0.112
B8,630.0,36.9,490,0.113
B8,660.0,36.9,490,0.114
B8,690.0,36.9,490,0.118
B8,720.0,36.9,490,0.118
B8,750.0,36.9,490,0.121
B8,780.0,36.9,490,0.122
B8,840.0,36.9,490,0.126
B8,870.0,36.9,490,0.128
B8,900.0,36.9,490,0.131
B9,0.0,36.9,490,0.04
B9,30.0,36.9,490,0.04
B9,60.0,36.9,490,0.04
B9,90.0,36.9,490,0.041
B9,120.0,36.9,490,0.04
B9,150.0,36.9,490,0.041
B9,180.0,36.9,490,0.041
B9,210.0,36.9,490,0.04
B9,240.0,36.9,490,0.041
B9,270.0,36.9,490,0.041
B9,300.0,36.9,490,0.043
B9,330.0,36.9,490,0.041
B9,360.0,36.9,490,0.041
B9,390.0,36.9,490,0.04
B9,420.0,36.9,490,0.041
B9,450.0,36.9,490,0.042
B9,480.0,36.9,490,0.041
B9,510.0,36.9,490,0.042
B9,540.0,36.9,490,0.042
B9,570.0,36.9,490,0.042
B9,600.0,36.9,490,0.042
B9,630.0,36.9,490,0.041
B9,660.0,36.9,490,0.041
B9,690.0,36.9,490,0.042
B9,720.0,36.9,490,0.041
B9,750.0,36.9,490,0.041
B9,780.0,36.9,490,0.042
B9,810.0,36.9,490,0.042
B9,840.0,36.9,490,0.042
B9,870.0,36.9,490,0.041
B9,900.0,36.9,490,0.042
B10,0.0,36.9,490,0.197
B10,30.0,36.9,490,0.201
B10,60.0,36.9,490,0.205
B10,90.0,36.9,490,0.21
B10,120.0,36.9,490,0.214
B10,150.0,36.9,490,0.218
B10,180.0,36.9,490,0.22
B10,210.0,36.9,490,0.22
B10,240.0,36.9,490,0.221
B10,270.0,36.9,490,0.222
B10,300.0,36.9,490,0.223
B10,330.0,36.9,490,0.221
B10,360.0,36.9,490,0.22
B10,390.0,36.9,490,0.217
B10,420.0,36.9,490,0.217
B10,450.0,36.9,490,0.216
B10,480.0,36.9,490,0.214
B10,510.0,36.9,490,0.214
B10,540.0,36.9,490,0.211
B10,570.0,36.9,490,0.212
B10,600.0,36.9,490,0.212
B10,630.0,36.9,490,0.21
B10,660.0,36.9,490,0.21
B10,690.0,36.9,490,0.21
B10,720.0,36.9,490,0.209
B10,750.0,36.9,490,0.21
B10,780.0,36.9,490,0.209
B10,810.0,36.9,490,0.21
B10,840.0,36.9,490,0.209
B10,870.0,36.9,490,0.209
B10,900.0,36.9,490,0.209
B11,0.0,36.9,490,0.041
B11,30.0,36.9,490,0.039
B11,60.0,36.9,490,0.039
B11,90.0,36.9,490,0.04
B11,120.0,36.9,490,0.041
B11,150.0,36.9,490,0.041
B11,180.0,36.9,490,0.041
B11,210.0,36.9,490,0.039
B11,240.0,36.9,490,0.041
B11,270.0,36.9,490,0.041
B11,300.0,36.9,490,0.041
B11,330.0,36.9,490,0.041
B11,360.0,36.9,490,0.041
B11,390.0,36.9,490,0.04
B11,420.0,36.9,490,0.04
B11,450.0,36.9,490,0.042
B11,480.0,36.9,490,0.041
B11,510.0,36.9,490,0.041
B11,540.0,36.9,490,0.041
B11,570.0,36.9,490,0.041
B11,600.0,36.9,490,0.041
B11,630.0,36.9,490,0.04
B11,660.0,36.9,490,0.041
B11,690.0,36.9,490,0.041
B11,720.0,36.9,490,0.04
B11,750.0,36.9,490,0.041
B11,780.0,36.9,490,0.04
B11,810.0,36.9,490,0.041
B11,840.0,36.9,490,0.041
B11,870.0,36.9,490,0.041
B11,900.0,36.9,490,0.041
B12,0.0,36.9,490,0.04
B12,30.0,36.9,490,0.039
B12,60.0,36.9,490,0.04
B12,90.0,36.9,490,0.04
B12,120.0,36.9,490,0.04
B12,150.0,36.9,490,0.041
B12,180.0,36.9,490,0.041
B12,210.0,36.9,490,0.039
B12,240.0,36.9,490,0.041
B12,270.0,36.9,490,0.041
B12,300.0,36.9,490,0.041
B12,330.0,36.9,490,0.041
B12,360.0,36.9,490,0.041
B12,390.0,36.9,490,0.039
B12,420.0,36.9,490,0.041
B12,450.0,36.9,490,0.041
B12,480.0,36.9,490,0.041
B12,510.0,36.9,490,0.041
B12,540.0,36.9,490,0.041
B12,570.0,36.9,490,0.042
B12,600.0,36.9,490,0.041
B12,630.0,36.9,490,0.04
B12,660.0,36.9,490,0.041
B12,690.0,36.9,490,0.041
B12,720.0,36.9,490,0.04
B12,750.0,36.9,490,0.04
B12,780.0,36.9,490,0.04
B12,810.0,36.9,490,0.041
B12,840.0,36.9,490,0.041
B12,870.0,36.9,490,0.041
B12,900.0,36.9,490,0.041
C1,0.0,36.9,490,0.042
C1,30.0,36.9,490,0.042
C1,60.0,36.9,490,0.04
C1,90.0,36.9,490,0.041
C1,120.0,36.9,490,0.041
C1,150.0,36.9,490,0.041
C1,180.0,36.9,490,0.042
C1,210.0,36.9,490,0.043
C1,240.0,36.9,490,0.041
C1,270.0,36.9,490,0.039
C1,300.0,36.9,490,0.043
C1,330.0,36.9,490,0.041
C1,360.0,36.9,490,0.041
C1,390.0,36.9,490,0.042
C1,420.0,36.9,490,0.045
C1,450.0,36.9,490,0.041
C1,480.0,36.9,490,0.046
C1,510.0,36.9,490,0.046
C1,540.0,36.9,490,0.042
C1,570.0,36.9,490,0.041
C1,600.0,36.9,490,0.042
C1,630.0,36.9,490,0.042
C1,660.0,36.9,490,0.043
C1,690.0,36.9,490,0.041
C1,720.0,36.9,490,0.041
C1,750.0,36.9,490,0.041
C1,780.0,36.9,490,0.043
C1,810.0,36.9,490,0.041
C1,840.0,36.9,490,0.043
C1,870.0,36.9,490,0.04
C1,900.0,36.9,490,0.041
C2,0.0,36.9,490,0.043
C2,30.0,36.9,490,0.045
C2,60.0,36.9,490,0.04
C2,90.0,36.9,490,0.046
C2,120.0,36.9,490,0.043
C2,150.0,36.9,490,0.043
C2,180.0,36.9,490,0.041
C2,210.0,36.9,490,0.046
C2,240.0,36.9,490,0.044
C2,270.0,36.9,490,0.042
C2,300.0,36.9,490,0.041
C2,330.0,36.9,490,0.044
C2,360.0,36.9,490,0.039
C2,390.0,36.9,490,0.042
C2,420.0,36.9,490,0.046
C2,450.0,36.9,490,0.042
C2,480.0,36.9,490,0.045
C2,510.0,36.9,490,0.047
C2,540.0,36.9,490,0.043
C2,570.0,36.9,490,0.038
C2,600.0,36.9,490,0.044
C2,630.0,36.9,490,0.038
C2,660.0,36.9,490,0.044
C2,690.0,36.9,490,0.043
C2,720.0,36.9,490,0.043
C2,750.0,36.9,490,0.042
C2,780.0,36.9,490,0.044
C2,810.0,36.9,490,0.04
C2,840.0,36.9,490,0.04
C2,870.0,36.9,490,0.043
C2,900.0,36.9,490,0.042
C3,0.0,36.9,490,0.22
C3,30.0,36.9,490,0.223
C3,60.0,36.9,490,0.218
C3,90.0,36.9,490,0.223
C3,120.0,36.9,490,0.217
C3,150.0,36.9,490,0.214
C3,180.0,36.9,490,0.217
C3,210.0,36.9,490,0.225
C3,240.0,36.9,490,0.218
C3,270.0,36.9,490,0.218
C3,300.0,36.9,490,0.222
C3,330.0,36.9,490,0.224
C3,360.0,36.9,490,0.219
C3,390.0,36.9,490,0.222
C3,420.0,36.9,490,0.225
C3,450.0,36.9,490,0.224
C3,480.0,36.9,490,0.226
C3,510.0,36.9,490,0.225
C3,540.0,36.9,490,0.221
C3,570.0,36.9,490,0.218
C3,600.0,36.9,490,0.219
C3,630.0,36.9,490,0.214
C3,660.0,36.9,490,0.219
C3,690.0,36.9,490,0.219
C3,720.0,36.9,490,0.217
C3,750.0,36.9,490,0.217
C3,780.0,36.9,490,0.216
C3,810.0,36.9,490,0.215
C3,840.0,36.9,490,0.215
C3,870.0,36.9,490,0.216
C3,900.0,36.9,490,0.213
C4,0.0,36.9,490,0.041
C4,30.0,36.9,490,0.043
C4,60.0,36.9,490,0.039
C4,90.0,36.9,490,0.044
C4,120.0,36.9,490,0.044
C4,150.0,36.9,490,0.041
C4,180.0,36.9,490,0.046
C4,210.0,36.9,490,0.045
C4,240.0,36.9,490,0.041
C4,270.0,36.9,490,0.041
C4,300.0,36.9,490,0.043
C4,330.0,36.9,490,0.046
C4,360.0,36.9,490,0.043
C4,390.0,36.9,490,0.043
C4,420.0,36.9,490,0.047
C4,450.0,36.9,490,0.043
C4,480.0,36.9,490,0.046
C4,510.0,36.9,490,0.046
C4,540.0,36.9,490,0.043
C4,570.0,36.9,490,0.042
C4,600.0,36.9,490,0.038
C4,630.0,36.9,490,0.041
C4,660.0,36.9,490,0.041
C4,690.0,36.9,490,0.042
C4,720.0,36.9,490,0.041
C4,750.0,36.9,490,0.043
C4,780.0,36.9,490,0.042
C4,810.0,36.9,490,0.036
C4,840.0,36.9,490,0.038
C4,870.0,36.9,490,0.039
C4,900.0,36.9,490,0.036
C5,0.0,36.9,490,0.061
C5,30.0,36.9,490,0.065
C5,60.0,36.9,490,0.063
C5,90.0,36.9,490,0.065
C5,120.0,36.9,490,0.059
C5,150.0,36.9,490,0.063
C5,180.0,36.9,490,0.064
C5,210.0,36.9,490,0.067
C5,240.0,36.9,490,0.066
C5,270.0,36.9,490,0.063
C5,300.0,36.9,490,0.062
C5,330.0,36.9,490,0.067
C5,360.0,36.9,490,0.06
C5,390.0,36.9,490,0.063
C5,420.0,36.9,490,0.067
C5,450.0,36.9,490,0.065
C5,480.0,36.9,490,0.067
C5,510.0,36.9,490,0.068
C5,540.0,36.9,490,0.064
C5,570.0,36.9,490,0.061
C5,600.0,36.9,490,0.062
C5,630.0,36.9,490,0.061
C5,660.0,36.9,490,0.065
C5,690.0,36.9,490,0.065
C5,720.0,36.9,490,0.063
C5,750.0,36.9,490,0.064
C5,780.0,36.9,490,0.065
C5,810.0,36.9,490,0.06
C5,840.0,36.9,490,0.062
C5,870.0,36.9,490,0.063
C5,900.0,36.9,490,0.06
C6,0.0,36.9,490,0.041
C6,30.0,36.9,490,0.046
C6,60.0,36.9,490,0.044
C6,90.0,36.9,490,0.044
C6,120.0,36.9,490,0.042
C6,150.0,36.9,490,0.041
C6,180.0,36.9,490,0.04
C6,210.0,36.9,490,0.046
C6,240.0,36.9,490,0.046
C6,270.0,36.9,490,0.042
C6,300.0,36.9,490,0.043
C6,330.0,36.9,490,0.044
C6,360.0,36.9,490,0.043
C6,390.0,36.9,490,0.042
C6,420.0,36.9,490,0.046
C6,450.0,36.9,490,0.043
C6,480.0,36.9,490,0.046
C6,510.0,36.9,490,0.045
C6,540.0,36.9,490,0.042
C6,570.0,36.9,490,0.036
C6,600.0,36.9,490,0.039
C6,630.0,36.9,490,0.041
C6,660.0,36.9,490,0.041
C6,690.0,36.9,490,0.042
C6,720.0,36.9,490,0.039
C6,750.0,36.9,490,0.042
C6,780.0,36.9,490,0.038
C6,810.0,36.9,490,0.039
C6,840.0,36.9,490,0.041
C6,870.0,36.9,490,0.041
C6,900.0,36.9,490,0.036
C7,0.0,36.9,490,0.114
C7,30.0,36.9,490,0.124
C7,60.0,36.9,490,0.126
C7,90.0,36.9,490,0.133
C7,120.0,36.9,490,0.135
C7,150.0,36.9,490,0.143
C7,180.0,36.9,490,0.144
C7,210.0,36.9,490,0.148
C7,240.0,36.9,490,0.154
C7,270.0,36.9,490,0.15
C7,300.0,36.9,490,0.155
C7,330.0,36.9,490,0.155
C7,360.0,36.9,490,0.153
C7,390.0,36.9,490,0.155
C7,420.0,36.9,490,0.159
C7,450.0,36.9,490,0.155
C7,480.0,36.9,490,0.157
C7,510.0,36.9,490,0.156
C7,540.0,36.9,490,0.15
C7,570.0,36.9,490,0.144
C7,600.0,36.9,490,0.144
C7,630.0,36.9,490,0.142
C7,660.0,36.9,490,0.145
C7,690.0,36.9,490,0.144
C7,720.0,36.9,490,0.141
C7,750.0,36.9,490,0.141
C7,780.0,36.9,490,0.139
C7,810.0,36.9,490,0.141
C7,840.0,36.9,490,0.142
C7,870.0,36.9,490,0.144
C7,900.0,36.9,490,0.139
C8,0.0,36.9,490,0.041
C8,30.0,36.9,490,0.046
C8,60.0,36.9,490,0.045
C8,90.0,36.9,490,0.046
C8,120.0,36.9,490,0.043
C8,150.0,36.9,490,0.045
C8,180.0,36.9,490,0.045
C8,210.0,36.9,490,0.044
C8,240.0,36.9,490,0.047
C8,270.0,36.9,490,0.041
C8,300.0,36.9,490,0.046
C8,330.0,36.9,490,0.045
C8,360.0,36.9,490,0.043
C8,390.0,36.9,490,0.043
C8,420.0,36.9,490,0.046
C8,450.0,36.9,490,0.043
C8,480.0,36.9,490,0.046
C8,510.0,36.9,490,0.047
C8,540.0,36.9,490,0.041
C8,570.0,36.9,490,0.041
C8,600.0,36.9,490,0.04
C8,630.0,36.9,490,0.04
C8,660.0,36.9,490,0.043
C8,690.0,36.9,490,0.042
C8,720.0,36.9,490,0.041
C8,750.0,36.9,490,0.038
C8,780.0,36.9,490,0.038
C8,810.0,36.9,490,0.041
C8,840.0,36.9,490,0.041
C8,870.0,36.9,490,0.043
C8,900.0,36.9,490,0.037
C9,0.0,36.9,490,0.144
C9,30.0,36.9,490,0.148
C9,60.0,36.9,490,0.148
C9,90.0,36.9,490,0.155
C9,120.0,36.9,490,0.152
C9,150.0,36.9,490,0.157
C9,180.0,36.9,490,0.157
C9,210.0,36.9,490,0.159
C9,240.0,36.9,490,0.163
C9,270.0,36.9,490,0.159
C9,300.0,36.9,490,0.163
C9,330.0,36.9,490,0.164
C9,360.0,36.9,490,0.162
C9,390.0,36.9,490,0.161
C9,420.0,36.9,490,0.163
C9,450.0,36.9,490,0.162
C9,480.0,36.9,490,0.163
C9,510.0,36.9,490,0.161
C9,540.0,36.9,490,0.16
C9,570.0,36.9,490,0.158
C9,600.0,36.9,490,0.155
C9,630.0,36.9,490,0.153
C9,660.0,36.9,490,0.158
C9,690.0,36.9,490,0.155
C9,720.0,36.9,490,0.155
C9,750.0,36.9,490,0.152
C9,780.0,36.9,490,0.151
C9,810.0,36.9,490,0.153
C9,840.0,36.9,490,0.155
C9,870.0,36.9,490,0.154
C9,900.0,36.9,490,0.151
C10,0.0,36.9,490,0.043
C10,30.0,36.9,490,0.041
C10,60.0,36.9,490,0.042
C10,90.0,36.9,490,0.047
C10,120.0,36.9,490,0.042
C10,150.0,36.9,490,0.044
C10,180.0,36.9,490,0.045
C10,210.0,36.9,490,0.045
C10,240.0,36.9,490,0.045
C10,270.0,36.9,490,0.043
C10,300.0,36.9,490,0.046
C10,330.0,36.9,490,0.045
C10,360.0,36.9,490,0.041
C10,390.0,36.9,490,0.042
C10,420.0,36.9,490,0.046
C10,450.0,36.9,490,0.044
C10,480.0,36.9,490,0.047
C10,510.0,36.9,490,0.047
C10,540.0,36.9,490,0.043
C10,570.0,36.9,490,0.042
C10,600.0,36.9,490,0.042
C10,630.0,36.9,490,0.037
C10,660.0,36.9,490,0.038
C10,690.0,36.9,490,0.038
C10,720.0,36.9,490,0.04
C10,750.0,36.9,490,0.039
C10,780.0,36.9,490,0.037
C10,810.0,36.9,490,0.039
C10,840.0,36.9,490,0.039
C10,870.0,36.9,490,0.041
C10,900.0,36.9,490,0.037
C11,0.0,36.9,490,0.058
C11,30.0,36.9,490,0.057
C11,60.0,36.9,490,0.058
C11,90.0,36.9,490,0.06
C11,120.0,36.9,490,0.056
C11,150.0,36.9,490,0.058
C11,180.0,36.9,490,0.06
C11,210.0,36.9,490,0.059
C11,240.0,36.9,490,0.061
C11,270.0,36.9,490,0.059
C11,300.0,36.9,490,0.06
C11,330.0,36.9,490,0.059
C11,360.0,36.9,490,0.058
C11,390.0,36.9,490,0.058
C11,420.0,36.9,490,0.062
C11,450.0,36.9,490,0.054
C11,480.0,36.9,490,0.057
C11,510.0,36.9,490,0.057
C11,540.0,36.9,490,0.052
C11,570.0,36.9,490,0.048
C11,600.0,36.9,490,0.052
C11,630.0,36.9,490,0.048
C11,660.0,36.9,490,0.05
C11,690.0,36.9,490,0.049
C11,720.0,36.9,490,0.052
C11,750.0,36.9,490,0.052
C11,780.0,36.9,490,0.05
C11,810.0,36.9,490,0.053
C11,840.0,36.9,490,0.052
C11,870.0,36.9,490,0.052
C11,900.0,36.9,490,0.05
C12,0.0,36.9,490,0.041
C12,30.0,36.9,490,0.041
C12,60.0,36.9,490,0.042
C12,90.0,36.9,490,0.049
C12,120.0,36.9,490,0.042
C12,150.0,36.9,490,0.043
C12,180.0,36.9,490,0.042
C12,210.0,36.9,490,0.048
C12,240.0,36.9,490,0.045
C12,270.0,36.9,490,0.042
C12,300.0,36.9,490,0.045
C12,330.0,36.9,490,0.044
C12,360.0,36.9,490,0.043
C12,390.0,36.9,490,0.041
C12,420.0,36.9,490,0.042
C12,450.0,36.9,490,0.044
C12,480.0,36.9,490,0.045
C12,510.0,36.9,490,0.047
C12,540.0,36.9,490,0.042
C12,570.0,36.9,490,0.041
C12,600.0,36.9,490,0.042
C12,630.0,36.9,490,0.039
C12,660.0,36.9,490,0.042
C12,690.0,36.9,490,0.04
C12,720.0,36.9,490,0.04
C12,750.0,36.9,490,0.041
C12,780.0,36.9,490,0.042
C12,810.0,36.9,490,0.042
C12,840.0,36.9,490,0.04
C12,870.0,36.9,490,0.042
C12,900.0,36.9,490,0.036
D1,0.0,36.9,490,0.04
D1,30.0,36.9,490,0.038
D1,60.0,36.9,490,0.04
D1,90.0,36.9,490,0.039
D1,120.0,36.9,490,0.039
D1,150.0,36.9,490,0.04
D1,180.0,36.9,490,0.04
D1,210.0,36.9,490,0.04
D1,240.0,36.9,490,0.04
D1,270.0,36.9,490,0.039
D1,300.0,36.9,490,0.04
D1,330.0,36.9,490,0.04
D1,360.0,36.9,490,0.041
D1,390.0,36.9,490,0.04
D1,420.0,36.9,490,0.04
D1,450.0,36.9,490,0.04
D1,480.0,36.9,490,0.041
D1,510.0,36.9,490,0.039
D1,540.0,36.9,490,0.04
D1,570.0,36.9,490,0.039
D1,600.0,36.9,490,0.04
D1,630.0,36.9,490,0.04
D1,660.0,36.9,490,0.04
D1,690.0,36.9,490,0.04
D1,720.0,36.9,490,0.04
D1,750.0,36.9,490,0.04
D1,780.0,36.9,490,0.04
D1,810.0,36.9,490,0.04
D1,840.0,36.9,490,0.04
D1,870.0,36.9,490,0.04
D1,900.0,36.9,490,0.04
D2,0.0,36.9,490,0.243
D2,30.0,36.9,490,0.249
D2,60.0,36.9,490,0.249
D2,90.0,36.9,490,0.254
D2,120.0,36.9,490,0.254
D2,150.0,36.9,490,0.256
D2,180.0,36.9,490,0.257
D2,210.0,36.9,490,0.257
D2,240.0,36.9,490,0.259
D2,270.0,36.9,490,0.259
D2,300.0,36.9,490,0.26
D2,330.0,36.9,490,0.26
D2,360.0,36.9,490,0.26
D2,390.0,36.9,490,0.261
D2,420.0,36.9,490,0.26
D2,450.0,36.9,490,0.259
D2,480.0,36.9,490,0.26
D2,510.0,36.9,490,0.258
D2,540.0,36.9,490,0.258
D2,570.0,36.9,490,0.257
D2,600.0,36.9,490,0.257
D2,630.0,36.9,490,0.256
D2,660.0,36.9,490,0.256
D2,690.0,36.9,490,0.256
D2,720.0,36.9,490,0.256
D2,750.0,36.9,490,0.256
D2,780.0,36.9,490,0.256
D2,810.0,36.9,490,0.255
D2,840.0,36.9,490,0.255
D2,870.0,36.9,490,0.255
D2,900.0,36.9,490,0.254
D3,0.0,36.9,490,0.062
D3,30.0,36.9,490,0.061
D3,60.0,36.9,490,0.061
D3,90.0,36.9,490,0.062
D3,120.0,36.9,490,0.061
D3,150.0,36.9,490,0.062
D3,180.0,36.9,490,0.063
D3,210.0,36.9,490,0.062
D3,240.0,36.9,490,0.063
D3,270.0,36.9,490,0.063
D3,300.0,36.9,490,0.063
D3,330.0,36.9,490,0.064
D3,360.0,36.9,490,0.063
D3,390.0,36.9,490,0.064
D3,420.0,36.9,490,0.064
D3,450.0,36.9,490,0.064
D3,480.0,36.9,490,0.065
D3,510.0,36.9,490,0.064
D3,540.0,36.9,490,0.065
D3,570.0,36.9,490,0.065
D3,600.0,36.9,490,0.064
D3,630.0,36.9,490,0.065
D3,660.0,36.9,490,0.065
D3,690.0,36.9,490,0.066
D3,720.0,36.9,490,0.066
D3,750.0,36.9,490,0.066
D3,780.0,36.9,490,0.067
D3,810.0,36.9,490,0.067
D3,840.0,36.9,490,0.068
D3,870.0,36.9,490,0.069
D3,900.0,36.9,490,0.067
D4,0.0,36.9,490,0.266
D4,30.0,36.9,490,0.265
D4,60.0,36.9,490,0.267
D4,90.0,36.9,490,0.268
D4,120.0,36.9,490,0.268
D4,150.0,36.9,490,0.269
D4,180.0,36.9,490,0.269
D4,210.0,36.9,490,0.269
D4,240.0,36.9,490,0.27
D4,270.0,36.9,490,0.27
D4,300.0,36.9,490,0.27
D4,330.0,36.9,490,0.271
D4,360.0,36.9,490,0.271
D4,390.0,36.9,490,0.271
D4,420.0,36.9,490,0.271
D4,450.0,36.9,490,0.271
D4,480.0,36.9,490,0.273
D4,510.0,36.9,490,0.271
D4,540.0,36.9,490,0.271
D4,570.0,36.9,490,0.271
D4,600.0,36.9,490,0.271
D4,630.0,36.9,490,0.27
D4,660.0,36.9,490,0.27
D4,690.0,36.9,490,0.271
D4,720.0,36.9,490,0.271
D4,750.0,36.9,490,0.27
D4,780.0,36.9,490,0.27
D4,810.0,36.9,490,0.269
D4,840.0,36.9,490,0.269
D4,870.0,36.9,490,0.269
D4,900.0,36.9,490,0.269
D5,0.0,36.9,490,0.043
D5,30.0,36.9,490,0.042
D5,60.0,36.9,490,0.043
D5,90.0,36.9,490,0.043
D5,120.0,36.9,490,0.043
D5,150.0,36.9,490,0.044
D5,180.0,36.9,490,0.044
D5,210.0,36.9,490,0.044
D5,240.0,36.9,490,0.044
D5,270.0,36.9,490,0.044
D5,300.0,36.9,490,0.044
D5,330.0,36.9,490,0.044
D5,360.0,36.9,490,0.044
D5,390.0,36.9,490,0.044
D5,420.0,36.9,490,0.044
D5,450.0,36.9,490,0.044
D5,480.0,36.9,490,0.045
D5,510.0,36.9,490,0.044
D5,540.0,36.9,490,0.044
D5,570.0,36.9,490,0.044
D5,600.0,36.9,490,0.043
D5,630.0,36.9,490,0.043
D5,660.0,36.9,490,0.044
D5,690.0,36.9,490,0.044
D5,720.0,36.9,490,0.044
D5,750.0,36.9,490,0.044
D5,780.0,36.9,490,0.045
D5,810.0,36.9,490,0.043
D5,840.0,36.9,490,0.044
D5,870.0,36.9,490,0.045
D5,900.0,36.9,490,0.043
D6,0.0,36.9,490,0.298
D6,30.0,36.9,490,0.3
D6,60.0,36.9,490,0.302
D6,90.0,36.9,490,0.303
D6,120.0,36.9,490,0.303
D6,150.0,36.9,490,0.304
D6,180.0,36.9,490,0.305
D6,210.0,36.9,490,0.305
D6,240.0,36.9,490,0.306
D6,270.0,36.9,490,0.305
D6,300.0,36.9,490,0.305
D6,330.0,36.9,490,0.305
D6,360.0,36.9,490,0.305
D6,390.0,36.9,490,0.305
D6,420.0,36.9,490,0.305
D6,450.0,36.9,490,0.305
D6,480.0,36.9,490,0.305
D6,510.0,36.9,490,0.304
D6,540.0,36.9,490,0.304
D6,570.0,36.9,490,0.303
D6,600.0,36.9,490,0.303
D6,630.0,36.9,490,0.303
D6,660.0,36.9,490,0.303
D6,690.0,36.9,490,0.303
D6,720.0,36.9,490,0.302
D6,750.0,36.9,490,0.302
D6,780.0,36.9,490,0.303
D6,810.0,36.9,490,0.301
D6,840.0,36.9,490,0.302
D6,870.0,36.9,490,0.302
D6,900.0,36.9,490,0.301
D7,0.0,36.9,490,0.056
D7,30.0,36.9,490,0.055
D7,60.0,36.9,490,0.055
D7,90.0,36.9,490,0.056
D7,120.0,36.9,490,0.056
D7,150.0,36.9,490,0.057
D7,180.0,36.9,490,0.057
D7,210.0,36.9,490,0.057
D7,240.0,36.9,490,0.058
D7,270.0,36.9,490,0.057
D7,300.0,36.9,490,0.058
D7,330.0,36.9,490,0.058
D7,360.0,36.9,490,0.058
D7,390.0,36.9,490,0.059
D7,420.0,36.9,490,0.059
D7,450.0,36.9,490,0.059
D7,480.0,36.9,490,0.06
D7,510.0,36.9,490,0.059
D7,540.0,36.9,490,0.06
D7,570.0,36.9,490,0.059
D7,600.0,36.9,490,0.06
D7,630.0,36.9,490,0.06
D7,660.0,36.9,490,0.059
D7,690.0,36.9,490,0.06
D7,720.0,36.9,490,0.061
D7,750.0,36.9,490,0.061
D7,780.0,36.9,490,0.061
D7,810.0,36.9,490,0.062
D7,840.0,36.9,490,0.062
D7,870.0,36.9,490,0.063
D7,900.0,36.9,490,0.062
D8,0.0,36.9,490,0.102
D8,30.0,36.9,490,0.102
D8,60.0,36.9,490,0.102
D8,90.0,36.9,490,0.102
D8,120.0,36.9,490,0.102
D8,150.0,36.9,490,0.103
D8,180.0,36.9,490,0.103
D8,210.0,36.9,490,0.103
D8,240.0,36.9,490,0.104
D8,270.0,36.9,490,0.103
D8,300.0,36.9,490,0.103
D8,330.0,36.9,490,0.104
D8,360.0,36.9,490,0.104
D8,390.0,36.9,490,0.104
D8,420.0,36.9,490,0.104
D8,450.0,36.9,490,0.104
D8,480.0,36.9,490,0.105
D8,510.0,36.9,490,0.104
D8,540.0,36.9,490,0.105
D8,570.0,36.9,490,0.105
D8,600.0,36.9,490,0.104
D8,630.0,36.9,490,0.105
D8,660.0,36.9,490,0.105
D8,690.0,36.9,490,0.105
D8,720.0,36.9,490,0.105
D8,750.0,36.9,490,0.105
D8,780.0,36.9,490,0.105
D8,810.0,36.9,490,0.106
D8,840.0,36.9,490,0.106
D8,870.0,36.9,490,0.107
D8,900.0,36.9,490,0.106
D9,0.0,36.9,490,0.04
D9,30.0,36.9,490,0.039
D9,60.0,36.9,490,0.039
D9,90.0,36.9,490,0.04
D9,120.0,36.9,490,0.04
D9,150.0,36.9,490,0.041
D9,180.0,36.9,490,0.041
D9,210.0,36.9,490,0.04
D9,240.0,36.9,490,0.04
D9,270.0,36.9,490,0.041
D9,300.0,36.9,490,0.041
D9,330.0,36.9,490,0.041
D9,360.0,36.9,490,0.04
D9,390.0,36.9,490,0.041
D9,420.0,36.9,490,0.041
D9,450.0,36.9,490,0.04
D9,480.0,36.9,490,0.042
D9,510.0,36.9,490,0.039
D9,540.0,36.9,490,0.041
D9,570.0,36.9,490,0.04
D9,600.0,36.9,490,0.04
D9,630.0,36.9,490,0.039
D9,660.0,36.9,490,0.04
D9,690.0,36.9,490,0.04
D9,720.0,36.9,490,0.04
D9,750.0,36.9,490,0.039
D9,780.0,36.9,490,0.041
D9,810.0,36.9,490,0.04
D9,840.0,36.9,490,0.041
D9,870.0,36.9,490,0.041
D9,900.0,36.9,490,0.04
D10,0.0,36.9,490,0.2
D10,30.0,36.9,490,0.213
D10,60.0,36.9,490,0.225
D10,90.0,36.9,490,0.238
D10,120.0,36.9,490,0.251
D10,150.0,36.9,490,0.264
D10,180.0,36.9,490,0.276
D10,210.0,36.9,490,0.287
D10,240.0,36.9,490,0.296
D10,270.0,36.9,490,0.303
D10,300.0,36.9,490,0.308
D10,330.0,36.9,490,0.309
D10,360.0,36.9,490,0.306
D10,390.0,36.9,490,0.3
D10,420.0,36.9,490,0.292
D10,450.0,36.9,490,0.284
D10,480.0,36.9,490,0.279
D10,510.0,36.9,490,0.274
D10,540.0,36.9,490,0.272
D10,570.0,36.9,490,0.271
D10,600.0,36.9,490,0.272
D10,630.0,36.9,490,0.272
D10,660.0,36.9,490,0.273
D10,690.0,36.9,490,0.275
D10,720.0,36.9,490,0.277
D10,750.0,36.9,490,0.277
D10,780.0,36.9,490,0.278
D10,810.0,36.9,490,0.279
D10,840.0,36.9,490,0.279
D10,870.0,36.9,490,0.279
D10,900.0,36.9,490,0.278
D11,0.0,36.9,490,0.04
D11,30.0,36.9,490,0.04
D11,60.0,36.9,490,0.039
D11,90.0,36.9,490,0.04
D11,120.0,36.9,490,0.039
D11,150.0,36.9,490,0.04
D11,180.0,36.9,490,0.04
D11,210.0,36.9,490,0.04
D11,240.0,36.9,490,0.041
D11,270.0,36.9,490,0.04
D11,300.0,36.9,490,0.04
D11,330.0,36.9,490,0.04
D11,360.0,36.9,490,0.04
D11,390.0,36.9,490,0.04
D11,420.0,36.9,490,0.041
D11,450.0,36.9,490,0.04
D11,480.0,36.9,490,0.042
D11,510.0,36.9,490,0.04
D11,540.0,36.9,490,0.04
D11,570.0,36.9,490,0.039
D11,600.0,36.9,490,0.04
D11,630.0,36.9,490,0.039
D11,660.0,36.9,490,0.039
D11,690.0,36.9,490,0.04
D11,720.0,36.9,490,0.04
D11,750.0,36.9,490,0.04
D11,780.0,36.9,490,0.041
D11,810.0,36.9,490,0.04
D11,840.0,36.9,490,0.04
D11,870.0,36.9,490,0.041
D11,900.0,36.9,490,0.04
D12,0.0,36.9,490,0.04
D12,30.0,36.9,490,0.039
D12,60.0,36.9,490,0.039
D12,90.0,36.9,490,0.04
D12,120.0,36.9,490,0.04
D12,150.0,36.9,490,0.041
D12,180.0,36.9,490,0.04
D12,210.0,36.9,490,0.04
D12,240.0,36.9,490,0.041
D12,270.0,36.9,490,0.041
D12,300.0,36.9,490,0.041
D12,330.0,36.9,490,0.041
D12,360.0,36.9,490,0.041
D12,390.0,36.9,490,0.041
D12,420.0,36.9,490,0.041
D12,450.0,36.9,490,0.04
D12,480.0,36.9,490,0.041
D12,510.0,36.9,490,0.04
D12,540.0,36.9,490,0.04
D12,570.0,36.9,490,0.039
D12,600.0,36.9,490,0.04
D12,630.0,36.9,490,0.04
D12,660.0,36.9,490,0.039
D12,690.0,36.9,490,0.041
D12,720.0,36.9,490,0.04
D12,750.0,36.9,490,0.039
D12,780.0,36.9,490,0.041
D12,810.0,36.9,490,0.04
D12,840.0,36.9,490,0.041
D12,870.0,36.9,490,0.041
D12,900.0,36.9,490,0.039
E1,0.0,36.9,490,0.04
E1,30.0,36.9,490,0.04
E1,60.0,36.9,490,0.041
E1,90.0,36.9,490,0.04
E1,120.0,36.9,490,0.041
E1,150.0,36.9,490,0.04
E1,180.0,36.9,490,0.04
E1,210.0,36.9,490,0.04
E1,240.0,36.9,490,0.04
E1,270.0,36.9,490,0.041
E1,300.0,36.9,490,0.04
E1,330.0,36.9,490,0.041
E1,360.0,36.9,490,0.041
E1,390.0,36.9,490,0.041
E1,420.0,36.9,490,0.041
E1,450.0,36.9,490,0.04
E1,480.0,36.9,490,0.042
E1,510.0,36.9,490,0.04
E1,540.0,36.9,490,0.041
E1,570.0,36.9,490,0.04
E1,600.0,36.9,490,0.041
E1,630.0,36.9,490,0.04
E1,660.0,36.9,490,0.04
E1,690.0,36.9,490,0.041
E1,720.0,36.9,490,0.04
E1,750.0,36.9,490,0.04
E1,780.0,36.9,490,0.041
E1,810.0,36.9,490,0.04
E1,840.0,36.9,490,0.041
E1,870.0,36.9,490,0.041
E1,900.0,36.9,490,0.04
E2,0.0,36.9,490,0.04
E2,30.0,36.9,490,0.039
E2,60.0,36.9,490,0.04
E2,90.0,36.9,490,0.04
E2,120.0,36.9,490,0.04
E2,150.0,36.9,490,0.042
E2,180.0,36.9,490,0.04
E2,210.0,36.9,490,0.041
E2,240.0,36.9,490,0.04
E2,270.0,36.9,490,0.041
E2,300.0,36.9,490,0.042
E2,330.0,36.9,490,0.041
E2,360.0,36.9,490,0.041
E2,390.0,36.9,490,0.041
E2,420.0,36.9,490,0.041
E2,450.0,36.9,490,0.04
E2,480.0,36.9,490,0.042
E2,510.0,36.9,490,0.04
E2,540.0,36.9,490,0.04
E2,570.0,36.9,490,0.04
E2,600.0,36.9,490,0.041
E2,630.0,36.9,490,0.04
E2,660.0,36.9,490,0.041
E2,690.0,36.9,490,0.041
E2,720.0,36.9,490,0.04
E2,750.0,36.9,490,0.041
E2,780.0,36.9,490,0.041
E2,810.0,36.9,490,0.041
E2,840.0,36.9,490,0.041
E2,870.0,36.9,490,0.041
E2,900.0,36.9,490,0.041
E3,0.0,36.9,490,0.139
E3,30.0,36.9,490,0.14
E3,60.0,36.9,490,0.142
E3,90.0,36.9,490,0.146
E3,120.0,36.9,490,0.147
E3,150.0,36.9,490,0.15
E3,180.0,36.9,490,0.151
E3,210.0,36.9,490,0.152
E3,240.0,36.9,490,0.154
E3,270.0,36.9,490,0.155
E3,300.0,36.9,490,0.157
E3,330.0,36.9,490,0.158
E3,360.0,36.9,490,0.159
E3,390.0,36.9,490,0.16
E3,420.0,36.9,490,0.161
E3,450.0,36.9,490,0.161
E3,480.0,36.9,490,0.163
E3,510.0,36.9,490,0.161
E3,540.0,36.9,490,0.162
E3,570.0,36.9,490,0.161
E3,600.0,36.9,490,0.162
E3,630.0,36.9,490,0.161
E3,660.0,36.9,490,0.161
E3,690.0,36.9,490,0.161
E3,720.0,36.9,490,0.159
E3,750.0,36.9,490,0.159
E3,780.0,36.9,490,0.16
E3,810.0,36.9,490,0.159
E3,840.0,36.9,490,0.159
E3,870.0,36.9,490,0.159
E3,900.0,36.9,490,0.158
E4,0.0,36.9,490,0.04
E4,30.0,36.9,490,0.04
E4,60.0,36.9,490,0.04
E4,90.0,36.9,490,0.04
E4,120.0,36.9,490,0.04
E4,150.0,36.9,490,0.041
E4,180.0,36.9,490,0.041
E4,210.0,36.9,490,0.04
E4,240.0,36.9,490,0.04
E4,270.0,36.9,490,0.04
E4,300.0,36.9,490,0.041
E4,330.0,36.9,490,0.041
E4,360.0,36.9,490,0.041
E4,390.0,36.9,490,0.041
E4,420.0,36.9,490,0.041
E4,450.0,36.9,490,0.04
E4,480.0,36.9,490,0.041
E4,510.0,36.9,490,0.04
E4,540.0,36.9,490,0.04
E4,570.0,36.9,490,0.04
E4,600.0,36.9,490,0.041
E4,630.0,36.9,490,0.04
E4,660.0,36.9,490,0.04
E4,690.0,36.9,490,0.041
E4,720.0,36.9,490,0.04
E4,750.0,36.9,490,0.041
E4,780.0,36.9,490,0.04
E4,810.0,36.9,490,0.041
E4,840.0,36.9,490,0.041
E4,870.0,36.9,490,0.041
E4,900.0,36.9,490,0.041
E5,0.0,36.9,490,0.195
E5,30.0,36.9,490,0.203
E5,60.0,36.9,490,0.211
E5,90.0,36.9,490,0.218
E5,120.0,36.9,490,0.223
E5,150.0,36.9,490,0.228
E5,180.0,36.9,490,0.232
E5,210.0,36.9,490,0.234
E5,240.0,36.9,490,0.238
E5,270.0,36.9,490,0.24
E5,300.0,36.9,490,0.244
E5,330.0,36.9,490,0.246
E5,360.0,36.9,490,0.247
E5,390.0,36.9,490,0.248
E5,420.0,36.9,490,0.248
E5,450.0,36.9,490,0.247
E5,480.0,36.9,490,0.246
E5,510.0,36.9,490,0.243
E5,540.0,36.9,490,0.241
E5,570.0,36.9,490,0.239
E5,600.0,36.9,490,0.239
E5,630.0,36.9,490,0.237
E5,660.0,36.9,490,0.237
E5,690.0,36.9,490,0.236
E5,720.0,36.9,490,0.235
E5,750.0,36.9,490,0.235
E5,780.0,36.9,490,0.235
E5,810.0,36.9,490,0.234
E5,840.0,36.9,490,0.234
E5,870.0,36.9,490,0.234
E5,900.0,36.9,490,0.233
E6,0.0,36.9,490,0.042
E6,30.0,36.9,490,0.043
E6,60.0,36.9,490,0.043
E6,90.0,36.9,490,0.042
E6,120.0,36.9,490,0.043
E6,150.0,36.9,490,0.044
E6,180.0,36.9,490,0.043
E6,210.0,36.9,490,0.043
E6,240.0,36.9,490,0.043
E6,270.0,36.9,490,0.043
E6,300.0,36.9,490,0.044
E6,330.0,36.9,490,0.043
E6,360.0,36.9,490,0.043
E6,390.0,36.9,490,0.043
E6,420.0,36.9,490,0.043
E6,450.0,36.9,490,0.043
E6,480.0,36.9,490,0.044
E6,510.0,36.9,490,0.043
E6,540.0,36.9,490,0.043
E6,570.0,36.9,490,0.042
E6,600.0,36.9,490,0.043
E6,630.0,36.9,490,0.043
E6,660.0,36.9,490,0.043
E6,690.0,36.9,490,0.043
E6,720.0,36.9,490,0.042
E6,750.0,36.9,490,0.044
E6,780.0,36.9,490,0.044
E6,810.0,36.9,490,0.043
E6,840.0,36.9,490,0.044
E6,870.0,36.9,490,0.043
E6,900.0,36.9,490,0.043
E7,0.0,36.9,490,0.139
E7,30.0,36.9,490,0.143
E7,60.0,36.9,490,0.147
E7,90.0,36.9,490,0.151
E7,120.0,36.9,490,0.153
E7,150.0,36.9,490,0.156
E7,180.0,36.9,490,0.158
E7,210.0,36.9,490,0.159
E7,240.0,36.9,490,0.161
E7,270.0,36.9,490,0.163
E7,300.0,36.9,490,0.164
E7,330.0,36.9,490,0.165
E7,360.0,36.9,490,0.165
E7,390.0,36.9,490,0.166
E7,420.0,36.9,490,0.166
E7,450.0,36.9,490,0.165
E7,480.0,36.9,490,0.166
E7,510.0,36.9,490,0.164
E7,540.0,36.9,490,0.164
E7,570.0,36.9,490,0.163
E7,600.0,36.9,490,0.163
E7,630.0,36.9,490,0.162
E7,660.0,36.9,490,0.161
E7,690.0,36.9,490,0.162
E7,720.0,36.9,490,0.16
E7,750.0,36.9,490,0.161
E7,780.0,36.9,490,0.16
E7,810.0,36.9,490,0.159
E7,840.0,36.9,490,0.159
E7,870.0,36.9,490,0.159
E7,900.0,36.9,490,0.158
E8,0.0,36.9,490,0.041
E8,30.0,36.9,490,0.04
E8,60.0,36.9,490,0.04
E8,90.0,36.9,490,0.041
E8,120.0,36.9,490,0.04
E8,150.0,36.9,490,0.042
E8,180.0,36.9,490,0.041
E8,210.0,36.9,490,0.041
E8,240.0,36.9,490,0.041
E8,270.0,36.9,490,0.042
E8,300.0,36.9,490,0.042
E8,330.0,36.9,490,0.042
E8,360.0,36.9,490,0.042
E8,390.0,36.9,490,0.042
E8,420.0,36.9,490,0.041
E8,450.0,36.9,490,0.041
E8,480.0,36.9,490,0.042
E8,510.0,36.9,490,0.041
E8,540.0,36.9,490,0.041
E8,570.0,36.9,490,0.041
E8,600.0,36.9,490,0.042
E8,630.0,36.9,490,0.041
E8,660.0,36.9,490,0.041
E8,690.0,36.9,490,0.041
E8,720.0,36.9,490,0.041
E8,750.0,36.9,490,0.041
E8,780.0,36.9,490,0.041
E8,810.0,36.9,490,0.041
E8,840.0,36.9,490,0.042
E8,870.0,36.9,490,0.041
E8,900.0,36.9,490,0.041
E9,0.0,36.9,490,0.068
E9,30.0,36.9,490,0.081
E9,60.0,36.9,490,0.096
E9,90.0,36.9,490,0.109
E9,120.0,36.9,490,0.122
E9,150.0,36.9,490,0.133
E9,180.0,36.9,490,0.143
E9,210.0,36.9,490,0.152
E9,240.0,36.9,490,0.16
E9,270.0,36.9,490,0.168
E9,300.0,36.9,490,0.174
E9,330.0,36.9,490,0.179
E9,360.0,36.9,490,0.184
E9,390.0,36.9,490,0.187
E9,420.0,36.9,490,0.189
E9,450.0,36.9,490,0.19
E9,480.0,36.9,490,0.192
E9,510.0,36.9,490,0.192
E9,540.0,36.9,490,0.192
E9,570.0,36.9,490,0.191
E9,600.0,36.9,490,0.191
E9,630.0,36.9,490,0.19
E9,660.0,36.9,490,0.189
E9,690.0,36.9,490,0.189
E9,720.0,36.9,490,0.188
E9,750.0,36.9,490,0.186
E9,780.0,36.9,490,0.186
E9,810.0,36.9,490,0.183
E9,840.0,36.9,490,0.183
E9,870.0,36.9,490,0.181
E9,900.0,36.9,490,0.179
E10,0.0,36.9,490,0.041
E10,30.0,36.9,490,0.04
E10,60.0,36.9,490,0.04
E10,90.0,36.9,490,0.04
E10,120.0,36.9,490,0.04
E10,150.0,36.9,490,0.041
E10,180.0,36.9,490,0.041
E10,210.0,36.9,490,0.041
E10,240.0,36.9,490,0.041
E10,270.0,36.9,490,0.041
E10,300.0,36.9,490,0.042
E10,330.0,36.9,490,0.041
E10,360.0,36.9,490,0.041
E10,390.0,36.9,490,0.042
E10,420.0,36.9,490,0.041
E10,450.0,36.9,490,0.041
E10,480.0,36.9,490,0.041
E10,510.0,36.9,490,0.041
E10,540.0,36.9,490,0.041
E10,570.0,36.9,490,0.042
E10,600.0,36.9,490,0.041
E10,630.0,36.9,490,0.04
E10,660.0,36.9,490,0.041
E10,690.0,36.9,490,0.041
E10,720.0,36.9,490,0.04
E10,750.0,36.9,490,0.04
E10,780.0,36.9,490,0.041
E10,810.0,36.9,490,0.041
E10,840.0,36.9,490,0.041
E10,870.0,36.9,490,0.041
E10,900.0,36.9,490,0.041
E11,0.0,36.9,490,0.057
E11,30.0,36.9,490,0.057
E11,60.0,36.9,490,0.058
E11,90.0,36.9,490,0.058
E11,120.0,36.9,490,0.058
E11,150.0,36.9,490,0.059
E11,180.0,36.9,490,0.059
E11,210.0,36.9,490,0.059
E11,240.0,36.9,490,0.059
E11,270.0,36.9,490,0.06
E11,300.0,36.9,490,0.061
E11,330.0,36.9,490,0.061
E11,360.0,36.9,490,0.06
E11,390.0,36.9,490,0.061
E11,420.0,36.9,490,0.061
E11,450.0,36.9,490,0.06
E11,480.0,36.9,490,0.061
E11,510.0,36.9,490,0.062
E11,540.0,36.9,490,0.061
E11,570.0,36.9,490,0.062
E11,600.0,36.9,490,0.062
E11,630.0,36.9,490,0.061
E11,660.0,36.9,490,0.061
E11,690.0,36.9,490,0.063
E11,720.0,36.9,490,0.061
E11,750.0,36.9,490,0.063
E11,780.0,36.9,490,0.063
E11,810.0,36.9,490,0.063
E11,840.0,36.9,490,0.064
E11,870.0,36.9,490,0.064
E11,900.0,36.9,490,0.064
E12,0.0,36.9,490,0.039
E12,30.0,36.9,490,0.039
E12,60.0,36.9,490,0.039
E12,90.0,36.9,490,0.04
E12,120.0,36.9,490,0.04
E12,150.0,36.9,490,0.041
E12,180.0,36.9,490,0.04
E12,210.0,36.9,490,0.04
E12,240.0,36.9,490,0.04
E12,270.0,36.9,490,0.04
E12,300.0,36.9,490,0.041
E12,330.0,36.9,490,0.041
E12,360.0,36.9,490,0.041
E12,390.0,36.9,490,0.04
E12,420.0,36.9,490,0.041
E12,450.0,36.9,490,0.041
E12,480.0,36.9,490,0.041
E12,510.0,36.9,490,0.04
E12,540.0,36.9,490,0.04
E12,570.0,36.9,490,0.04
E12,600.0,36.9,490,0.041
E12,630.0,36.9,490,0.039
E12,660.0,36.9,490,0.04
E12,690.0,36.9,490,0.041
E12,720.0,36.9,490,0.04
E12,750.0,36.9,490,0.04
E12,780.0,36.9,490,0.041
E12,810.0,36.9,490,0.041
E12,840.0,36.9,490,0.041
E12,870.0,36.9,490,0.04
E12,900.0,36.9,490,0.041
F1,0.0,36.9,490,0.041
F1,30.0,36.9,490,0.038
F1,60.0,36.9,490,0.04
F1,90.0,36.9,490,0.04
F1,120.0,36.9,490,0.038
F1,150.0,36.9,490,0.043
F1,180.0,36.9,490,0.039
F1,210.0,36.9,490,0.041
F1,240.0,36.9,490,0.039
F1,270.0,36.9,490,0.041
F1,300.0,36.9,490,0.04
F1,330.0,36.9,490,0.041
F1,360.0,36.9,490,0.04
F1,390.0,36.9,490,0.043
F1,420.0,36.9,490,0.04
F1,450.0,36.9,490,0.04
F1,480.0,36.9,490,0.042
F1,510.0,36.9,490,0.04
F1,540.0,36.9,490,0.04
F1,570.0,36.9,490,0.038
F1,600.0,36.9,490,0.04
F1,630.0,36.9,490,0.038
F1,660.0,36.9,490,0.041
F1,690.0,36.9,490,0.04
F1,720.0,36.9,490,0.04
F1,750.0,36.9,490,0.04
F1,780.0,36.9,490,0.04
F1,810.0,36.9,490,0.04
F1,840.0,36.9,490,0.039
F1,870.0,36.9,490,0.041
F1,900.0,36.9,490,0.04
F2,0.0,36.9,490,0.215
F2,30.0,36.9,490,0.211
F2,60.0,36.9,490,0.213
F2,90.0,36.9,490,0.21
F2,120.0,36.9,490,0.212
F2,150.0,36.9,490,0.216
F2,180.0,36.9,490,0.214
F2,210.0,36.9,490,0.214
F2,240.0,36.9,490,0.217
F2,270.0,36.9,490,0.217
F2,300.0,36.9,490,0.219
F2,330.0,36.9,490,0.218
F2,360.0,36.9,490,0.219
F2,390.0,36.9,490,0.219
F2,420.0,36.9,490,0.217
F2,450.0,36.9,490,0.216
F2,480.0,36.9,490,0.217
F2,510.0,36.9,490,0.215
F2,540.0,36.9,490,0.214
F2,570.0,36.9,490,0.213
F2,600.0,36.9,490,0.213
F2,630.0,36.9,490,0.211
F2,660.0,36.9,490,0.212
F2,690.0,36.9,490,0.211
F2,720.0,36.9,490,0.21
F2,750.0,36.9,490,0.21
F2,780.0,36.9,490,0.21
F2,810.0,36.9,490,0.21
F2,840.0,36.9,490,0.209
F2,870.0,36.9,490,0.209
F2,900.0,36.9,490,0.209
F3,0.0,36.9,490,0.059
F3,30.0,36.9,490,0.059
F3,60.0,36.9,490,0.06
F3,90.0,36.9,490,0.059
F3,120.0,36.9,490,0.059
F3,150.0,36.9,490,0.061
F3,180.0,36.9,490,0.059
F3,210.0,36.9,490,0.06
F3,240.0,36.9,490,0.061
F3,270.0,36.9,490,0.062
F3,300.0,36.9,490,0.061
F3,330.0,36.9,490,0.062
F3,360.0,36.9,490,0.062
F3,390.0,36.9,490,0.064
F3,420.0,36.9,490,0.062
F3,450.0,36.9,490,0.063
F3,480.0,36.9,490,0.064
F3,510.0,36.9,490,0.063
F3,540.0,36.9,490,0.063
F3,570.0,36.9,490,0.063
F3,600.0,36.9,490,0.063
F3,630.0,36.9,490,0.063
F3,660.0,36.9,490,0.064
F3,690.0,36.9,490,0.064
F3,720.0,36.9,490,0.064
F3,750.0,36.9,490,0.064
F3,780.0,36.9,490,0.066
F3,810.0,36.9,490,0.064
F3,840.0,36.9,490,0.065
F3,870.0,36.9,490,0.065
F3,900.0,36.9,490,0.064
F4,0.0,36.9,490,0.105
F4,30.0,36.9,490,0.105
F4,60.0,36.9,490,0.107
F4,90.0,36.9,490,0.105
F4,120.0,36.9,490,0.105
F4,150.0,36.9,490,0.108
F4,180.0,36.9,490,0.105
F4,210.0,36.9,490,0.106
F4,240.0,36.9,490,0.105
F4,270.0,36.9,490,0.108
F4,300.0,36.9,490,0.107
F4,330.0,36.9,490,0.108
F4,360.0,36.9,490,0.107
F4,390.0,36.9,490,0.107
F4,420.0,36.9,490,0.107
F4,450.0,36.9,490,0.107
F4,480.0,36.9,490,0.108
F4,510.0,36.9,490,0.107
F4,540.0,36.9,490,0.107
F4,570.0,36.9,490,0.107
F4,600.0,36.9,490,0.107
F4,630.0,36.9,490,0.107
F4,660.0,36.9,490,0.107
F4,690.0,36.9,490,0.108
F4,720.0,36.9,490,0.108
F4,750.0,36.9,490,0.108
F4,780.0,36.9,490,0.108
F4,810.0,36.9,490,0.108
F4,840.0,36.9,490,0.107
F4,870.0,36.9,490,0.108
F4,900.0,36.9,490,0.107
F5,0.0,36.9,490,0.037
F5,30.0,36.9,490,0.04
F5,60.0,36.9,490,0.04
F5,90.0,36.9,490,0.039
F5,120.0,36.9,490,0.039
F5,150.0,36.9,490,0.041
F5,180.0,36.9,490,0.039
F5,210.0,36.9,490,0.039
F5,240.0,36.9,490,0.039
F5,270.0,36.9,490,0.04
F5,300.0,36.9,490,0.04
F5,330.0,36.9,490,0.041
F5,360.0,36.9,490,0.041
F5,390.0,36.9,490,0.041
F5,420.0,36.9,490,0.04
F5,450.0,36.9,490,0.04
F5,480.0,36.9,490,0.042
F5,510.0,36.9,490,0.04
F5,540.0,36.9,490,0.04
F5,570.0,36.9,490,0.039
F5,600.0,36.9,490,0.04
F5,630.0,36.9,490,0.04
F5,660.0,36.9,490,0.04
F5,690.0,36.9,490,0.041
F5,720.0,36.9,490,0.041
F5,750.0,36.9,490,0.039
F5,780.0,36.9,490,0.04
F5,810.0,36.9,490,0.04
F5,840.0,36.9,490,0.04
F5,870.0,36.9,490,0.041
F5,900.0,36.9,490,0.039
F6,0.0,36.9,490,0.325
F6,30.0,36.9,490,0.328
F6,60.0,36.9,490,0.329
F6,90.0,36.9,490,0.332
F6,120.0,36.9,490,0.334
F6,150.0,36.9,490,0.338
F6,180.0,36.9,490,0.338
F6,210.0,36.9,490,0.339
F6,240.0,36.9,490,0.339
F6,270.0,36.9,490,0.341
F6,300.0,36.9,490,0.341
F6,330.0,36.9,490,0.341
F6,360.0,36.9,490,0.34
F6,390.0,36.9,490,0.341
F6,420.0,36.9,490,0.338
F6,450.0,36.9,490,0.337
F6,480.0,36.9,490,0.338
F6,510.0,36.9,490,0.336
F6,540.0,36.9,490,0.335
F6,570.0,36.9,490,0.333
F6,600.0,36.9,490,0.333
F6,630.0,36.9,490,0.333
F6,660.0,36.9,490,0.333
F6,690.0,36.9,490,0.333
F6,720.0,36.9,490,0.333
F6,750.0,36.9,490,0.332
F6,780.0,36.9,490,0.332
F6,810.0,36.9,490,0.332
F6,840.0,36.9,490,0.331
F6,870.0,36.9,490,0.332
F6,900.0,36.9,490,0.33
F7,0.0,36.9,490,0.068
F7,30.0,36.9,490,0.068
F7,60.0,36.9,490,0.07
F7,90.0,36.9,490,0.069
F7,120.0,36.9,490,0.069
F7,150.0,36.9,490,0.07
F7,180.0,36.9,490,0.069
F7,210.0,36.9,490,0.069
F7,240.0,36.9,490,0.069
F7,270.0,36.9,490,0.071
F7,300.0,36.9,490,0.071
F7,330.0,36.9,490,0.072
F7,360.0,36.9,490,0.071
F7,390.0,36.9,490,0.072
F7,420.0,36.9,490,0.073
F7,450.0,36.9,490,0.072
F7,480.0,36.9,490,0.074
F7,510.0,36.9,490,0.073
F7,540.0,36.9,490,0.073
F7,570.0,36.9,490,0.072
F7,600.0,36.9,490,0.073
F7,630.0,36.9,490,0.073
F7,660.0,36.9,490,0.074
F7,690.0,36.9,490,0.074
F7,720.0,36.9,490,0.074
F7,750.0,36.9,490,0.073
F7,780.0,36.9,490,0.074
F7,810.0,36.9,490,0.075
F7,840.0,36.9,490,0.075
F7,870.0,36.9,490,0.077
F7,900.0,36.9,490,0.074
F8,0.0,36.9,490,0.071
F8,30.0,36.9,490,0.069
F8,60.0,36.9,490,0.072
F8,90.0,36.9,490,0.071
F8,120.0,36.9,490,0.072
F8,150.0,36.9,490,0.072
F8,180.0,36.9,490,0.071
F8,210.0,36.9,490,0.071
F8,240.0,36.9,490,0.071
F8,270.0,36.9,490,0.074
F8,300.0,36.9,490,0.073
F8,330.0,36.9,490,0.075
F8,360.0,36.9,490,0.074
F8,390.0,36.9,490,0.076
F8,420.0,36.9,490,0.076
F8,450.0,36.9,490,0.075
F8,480.0,36.9,490,0.077
F8,510.0,36.9,490,0.075
F8,540.0,36.9,490,0.075
F8,570.0,36.9,490,0.075
F8,600.0,36.9,490,0.076
F8,630.0,36.9,490,0.075
F8,660.0,36.9,490,0.076
F8,690.0,36.9,490,0.076
F8,720.0,36.9,490,0.076
F8,750.0,36.9,490,0.075
F8,780.0,36.9,490,0.076
F8,810.0,36.9,490,0.076
F8,840.0,36.9,490,0.077
F8,870.0,36.9,490,0.078
F8,900.0,36.9,490,0.076
F9,0.0,36.9,490,0.04
F9,30.0,36.9,490,0.039
F9,60.0,36.9,490,0.039
F9,90.0,36.9,490,0.04
F9,120.0,36.9,490,0.039
F9,150.0,36.9,490,0.042
F9,180.0,36.9,490,0.039
F9,210.0,36.9,490,0.04
F9,240.0,36.9,490,0.039
F9,270.0,36.9,490,0.041
F9,300.0,36.9,490,0.04
F9,330.0,36.9,490,0.042
F9,360.0,36.9,490,0.041
F9,390.0,36.9,490,0.042
F9,420.0,36.9,490,0.041
F9,450.0,36.9,490,0.041
F9,480.0,36.9,490,0.043
F9,510.0,36.9,490,0.041
F9,540.0,36.9,490,0.041
F9,570.0,36.9,490,0.04
F9,600.0,36.9,490,0.041
F9,630.0,36.9,490,0.04
F9,660.0,36.9,490,0.04
F9,690.0,36.9,490,0.04
F9,720.0,36.9,490,0.041
F9,750.0,36.9,490,0.039
F9,780.0,36.9,490,0.04
F9,810.0,36.9,490,0.041
F9,840.0,36.9,490,0.04
F9,870.0,36.9,490,0.041
F9,900.0,36.9,490,0.04
F10,0.0,36.9,490,0.219
F10,30.0,36.9,490,0.221
F10,60.0,36.9,490,0.223
F10,90.0,36.9,490,0.225
F10,120.0,36.9,490,0.224
F10,150.0,36.9,490,0.225
F10,180.0,36.9,490,0.225
F10,210.0,36.9,490,0.226
F10,240.0,36.9,490,0.225
F10,270.0,36.9,490,0.227
F10,300.0,36.9,490,0.226
F10,330.0,36.9,490,0.226
F10,360.0,36.9,490,0.225
F10,390.0,36.9,490,0.225
F10,420.0,36.9,490,0.222
F10,450.0,36.9,490,0.221
F10,480.0,36.9,490,0.222
F10,510.0,36.9,490,0.22
F10,540.0,36.9,490,0.22
F10,570.0,36.9,490,0.219
F10,600.0,36.9,490,0.219
F10,630.0,36.9,490,0.218
F10,660.0,36.9,490,0.219
F10,690.0,36.9,490,0.217
F10,720.0,36.9,490,0.219
F10,750.0,36.9,490,0.217
F10,780.0,36.9,490,0.217
F10,810.0,36.9,490,0.217
F10,840.0,36.9,490,0.216
F10,870.0,36.9,490,0.217
F10,900.0,36.9,490,0.215
F11,0.0,36.9,490,0.039
F11,30.0,36.9,490,0.037
F11,60.0,36.9,490,0.039
F11,90.0,36.9,490,0.039
F11,120.0,36.9,490,0.042
F11,150.0,36.9,490,0.04
F11,180.0,36.9,490,0.039
F11,210.0,36.9,490,0.04
F11,240.0,36.9,490,0.041
F11,270.0,36.9,490,0.04
F11,300.0,36.9,490,0.04
F11,330.0,36.9,490,0.041
F11,360.0,36.9,490,0.041
F11,390.0,36.9,490,0.042
F11,420.0,36.9,490,0.041
F11,450.0,36.9,490,0.04
F11,480.0,36.9,490,0.042
F11,510.0,36.9,490,0.04
F11,540.0,36.9,490,0.041
F11,570.0,36.9,490,0.04
F11,600.0,36.9,490,0.04
F11,630.0,36.9,490,0.04
F11,660.0,36.9,490,0.04
F11,690.0,36.9,490,0.04
F11,720.0,36.9,490,0.04
F11,750.0,36.9,490,0.04
F11,780.0,36.9,490,0.041
F11,810.0,36.9,490,0.041
F11,840.0,36.9,490,0.041
F11,870.0,36.9,490,0.041
F11,900.0,36.9,490,0.037
F12,0.0,36.9,490,0.038
F12,30.0,36.9,490,0.038
F12,60.0,36.9,490,0.039
F12,90.0,36.9,490,0.039
F12,120.0,36.9,490,0.039
F12,150.0,36.9,490,0.04
F12,180.0,36.9,490,0.039
F12,210.0,36.9,490,0.041
F12,240.0,36.9,490,0.039
F12,270.0,36.9,490,0.041
F12,300.0,36.9,490,0.041
F12,330.0,36.9,490,0.041
F12,360.0,36.9,490,0.04
F12,390.0,36.9,490,0.042
F12,420.0,36.9,490,0.041
F12,450.0,36.9,490,0.041
F12,480.0,36.9,490,0.042
F12,510.0,36.9,490,0.041
F12,540.0,36.9,490,0.04
F12,570.0,36.9,490,0.04
F12,600.0,36.9,490,0.041
F12,630.0,36.9,490,0.04
F12,660.0,36.9,490,0.04
F12,690.0,36.9,490,0.04
F12,720.0,36.9,490,0.041
F12,750.0,36.9,490,0.039
F12,780.0,36.9,490,0.041
F12,810.0,36.9,490,0.041
F12,840.0,36.9,490,0.041
F12,870.0,36.9,490,0.041
F12,900.0,36.9,490,0.037
G1,0.0,36.9,490,0.041
G1,30.0,36.9,490,0.04
G1,60.0,36.9,490,0.039
G1,90.0,36.9,490,0.04
G1,120.0,36.9,490,0.04
G1,150.0,36.9,490,0.04
G1,180.0,36.9,490,0.041
G1,210.0,36.9,490,0.04
G1,240.0,36.9,490,0.04
G1,270.0,36.9,490,0.04
G1,300.0,36.9,490,0.039
G1,330.0,36.9,490,0.041
G1,360.0,36.9,490,0.04
G1,390.0,36.9,490,0.04
G1,420.0,36.9,490,0.039
G1,450.0,36.9,490,0.039
G1,480.0,36.9,490,0.041
G1,510.0,36.9,490,0.038
G1,540.0,36.9,490,0.04
G1,570.0,36.9,490,0.039
G1,600.0,36.9,490,0.04
G1,630.0,36.9,490,0.041
G1,660.0,36.9,490,0.04
G1,690.0,36.9,490,0.04
G1,720.0,36.9,490,0.041
G1,750.0,36.9,490,0.041
G1,780.0,36.9,490,0.04
G1,810.0,36.9,490,0.04
G1,840.0,36.9,490,0.04
G1,870.0,36.9,490,0.041
G1,900.0,36.9,490,0.039
G2,0.0,36.9,490,0.042
G2,30.0,36.9,490,0.041
G2,60.0,36.9,490,0.04
G2,90.0,36.9,490,0.041
G2,120.0,36.9,490,0.039
G2,150.0,36.9,490,0.041
G2,180.0,36.9,490,0.041
G2,210.0,36.9,490,0.04
G2,240.0,36.9,490,0.04
G2,270.0,36.9,490,0.04
G2,300.0,36.9,490,0.04
G2,330.0,36.9,490,0.041
G2,360.0,36.9,490,0.04
G2,390.0,36.9,490,0.041
G2,420.0,36.9,490,0.04
G2,450.0,36.9,490,0.039
G2,480.0,36.9,490,0.042
G2,510.0,36.9,490,0.04
G2,540.0,36.9,490,0.039
G2,570.0,36.9,490,0.038
G2,600.0,36.9,490,0.039
G2,630.0,36.9,490,0.039
G2,660.0,36.9,490,0.041
G2,690.0,36.9,490,0.04
G2,720.0,36.9,490,0.04
G2,750.0,36.9,490,0.04
G2,780.0,36.9,490,0.04
G2,810.0,36.9,490,0.04
G2,840.0,36.9,490,0.039
G2,870.0,36.9,490,0.04
G2,900.0,36.9,490,0.04
G3,0.0,36.9,490,0.071
G3,30.0,36.9,490,0.079
G3,60.0,36.9,490,0.087
G3,90.0,36.9,490,0.095
G3,120.0,36.9,490,0.102
G3,150.0,36.9,490,0.109
G3,180.0,36.9,490,0.114
G3,210.0,36.9,490,0.116
G3,240.0,36.9,490,0.12
G3,270.0,36.9,490,0.124
G3,300.0,36.9,490,0.126
G3,330.0,36.9,490,0.128
G3,360.0,36.9,490,0.13
G3,390.0,36.9,490,0.132
G3,420.0,36.9,490,0.131
G3,450.0,36.9,490,0.13
G3,480.0,36.9,490,0.132
G3,510.0,36.9,490,0.13
G3,540.0,36.9,490,0.13
G3,570.0,36.9,490,0.128
G3,600.0,36.9,490,0.129
G3,630.0,36.9,490,0.127
G3,660.0,36.9,490,0.128
G3,690.0,36.9,490,0.127
G3,720.0,36.9,490,0.128
G3,750.0,36.9,490,0.127
G3,780.0,36.9,490,0.128
G3,810.0,36.9,490,0.127
G3,840.0,36.9,490,0.127
G3,870.0,36.9,490,0.127
G3,900.0,36.9,490,0.126
G4,0.0,36.9,490,0.042
G4,30.0,36.9,490,0.042
G4,60.0,36.9,490,0.04
G4,90.0,36.9,490,0.04
G4,120.0,36.9,490,0.04
G4,150.0,36.9,490,0.041
G4,180.0,36.9,490,0.04
G4,210.0,36.9,490,0.04
G4,240.0,36.9,490,0.04
G4,270.0,36.9,490,0.041
G4,300.0,36.9,490,0.04
G4,330.0,36.9,490,0.04
G4,360.0,36.9,490,0.041
G4,390.0,36.9,490,0.042
G4,420.0,36.9,490,0.041
G4,450.0,36.9,490,0.04
G4,480.0,36.9,490,0.042
G4,510.0,36.9,490,0.039
G4,540.0,36.9,490,0.04
G4,570.0,36.9,490,0.041
G4,600.0,36.9,490,0.041
G4,630.0,36.9,490,0.04
G4,660.0,36.9,490,0.04
G4,690.0,36.9,490,0.04
G4,720.0,36.9,490,0.04
G4,750.0,36.9,490,0.04
G4,780.0,36.9,490,0.04
G4,810.0,36.9,490,0.039
G4,840.0,36.9,490,0.04
G4,870.0,36.9,490,0.04
G4,900.0,36.9,490,0.039
G5,0.0,36.9,490,0.28
G5,30.0,36.9,490,0.275
G5,60.0,36.9,490,0.273
G5,90.0,36.9,490,0.272
G5,120.0,36.9,490,0.267
G5,150.0,36.9,490,0.271
G5,180.0,36.9,490,0.269
G5,210.0,36.9,490,0.267
G5,240.0,36.9,490,0.266
G5,270.0,36.9,490,0.266
G5,300.0,36.9,490,0.237
G5,330.0,36.9,490,0.237
G5,360.0,36.9,490,0.235
G5,390.0,36.9,490,0.235
G5,420.0,36.9,490,0.234
G5,450.0,36.9,490,0.232
G5,480.0,36.9,490,0.233
G5,510.0,36.9,490,0.229
G5,540.0,36.9,490,0.23
G5,570.0,36.9,490,0.228
G5,600.0,36.9,490,0.226
G5,630.0,36.9,490,0.226
G5,660.0,36.9,490,0.226
G5,690.0,36.9,490,0.225
G5,720.0,36.9,490,0.225
G5,750.0,36.9,490,0.223
G5,780.0,36.9,490,0.223
G5,810.0,36.9,490,0.221
G5,840.0,36.9,490,0.22
G5,870.0,36.9,490,0.22
G5,900.0,36.9,490,0.218
G6,0.0,36.9,490,0.043
G6,30.0,36.9,490,0.044
G6,60.0,36.9,490,0.042
G6,90.0,36.9,490,0.042
G6,120.0,36.9,490,0.042
G6,150.0,36.9,490,0.043
G6,180.0,36.9,490,0.043
G6,210.0,36.9,490,0.042
G6,240.0,36.9,490,0.041
G6,270.0,36.9,490,0.042
G6,300.0,36.9,490,0.042
G6,330.0,36.9,490,0.044
G6,360.0,36.9,490,0.043
G6,390.0,36.9,490,0.043
G6,420.0,36.9,490,0.042
G6,450.0,36.9,490,0.043
G6,480.0,36.9,490,0.045
G6,510.0,36.9,490,0.042
G6,540.0,36.9,490,0.043
G6,570.0,36.9,490,0.041
G6,600.0,36.9,490,0.042
G6,630.0,36.9,490,0.042
G6,660.0,36.9,490,0.043
G6,690.0,36.9,490,0.042
G6,720.0,36.9,490,0.043
G6,750.0,36.9,490,0.042
G6,780.0,36.9,490,0.042
G6,810.0,36.9,490,0.042
G6,840.0,36.9,490,0.042
G6,870.0,36.9,490,0.044
G6,900.0,36.9,490,0.042
G7,0.0,36.9,490,0.164
G7,30.0,36.9,490,0.164
G7,60.0,36.9,490,0.165
G7,90.0,36.9,490,0.168
G7,120.0,36.9,490,0.168
G7,150.0,36.9,490,0.172
G7,180.0,36.9,490,0.174
G7,210.0,36.9,490,0.175
G7,240.0,36.9,490,0.178
G7,270.0,36.9,490,0.182
G7,300.0,36.9,490,0.184
G7,330.0,36.9,490,0.188
G7,360.0,36.9,490,0.189
G7,390.0,36.9,490,0.193
G7,420.0,36.9,490,0.192
G7,450.0,36.9,490,0.193
G7,480.0,36.9,490,0.196
G7,510.0,36.9,490,0.194
G7,540.0,36.9,490,0.195
G7,570.0,36.9,490,0.192
G7,600.0,36.9,490,0.192
G7,630.0,36.9,490,0.192
G7,660.0,36.9,490,0.191
G7,690.0,36.9,490,0.19
G7,720.0,36.9,490,0.189
G7,750.0,36.9,490,0.187
G7,780.0,36.9,490,0.186
G7,810.0,36.9,490,0.186
G7,840.0,36.9,490,0.185
G7,870.0,36.9,490,0.185
G7,900.0,36.9,490,0.183
G8,0.0,36.9,490,0.041
G8,30.0,36.9,490,0.041
G8,60.0,36.9,490,0.041
G8,90.0,36.9,490,0.04
G8,120.0,36.9,490,0.04
G8,150.0,36.9,490,0.04
G8,180.0,36.9,490,0.041
G8,210.0,36.9,490,0.04
G8,240.0,36.9,490,0.04
G8,270.0,36.9,490,0.041
G8,300.0,36.9,490,0.04
G8,330.0,36.9,490,0.042
G8,360.0,36.9,490,0.041
G8,390.0,36.9,490,0.041
G8,420.0,36.9,490,0.041
G8,450.0,36.9,490,0.04
G8,480.0,36.9,490,0.042
G8,510.0,36.9,490,0.039
G8,540.0,36.9,490,0.04
G8,570.0,36.9,490,0.039
G8,600.0,36.9,490,0.039
G8,630.0,36.9,490,0.04
G8,660.0,36.9,490,0.04
G8,690.0,36.9,490,0.04
G8,720.0,36.9,490,0.041
G8,750.0,36.9,490,0.039
G8,780.0,36.9,490,0.04
G8,810.0,36.9,490,0.04
G8,840.0,36.9,490,0.04
G8,870.0,36.9,490,0.041
G8,900.0,36.9,490,0.039
G9,0.0,36.9,490,0.157
G9,30.0,36.9,490,0.158
G9,60.0,36.9,490,0.163
G9,90.0,36.9,490,0.166
G9,120.0,36.9,490,0.168
G9,150.0,36.9,490,0.172
G9,180.0,36.9,490,0.174
G9,210.0,36.9,490,0.176
G9,240.0,36.9,490,0.178
G9,270.0,36.9,490,0.18
G9,300.0,36.9,490,0.18
G9,330.0,36.9,490,0.182
G9,360.0,36.9,490,0.181
G9,390.0,36.9,490,0.181
G9,420.0,36.9,490,0.178
G9,450.0,36.9,490,0.177
G9,480.0,36.9,490,0.177
G9,510.0,36.9,490,0.172
G9,540.0,36.9,490,0.172
G9,570.0,36.9,490,0.17
G9,600.0,36.9,490,0.169
G9,630.0,36.9,490,0.17
G9,660.0,36.9,490,0.158
G9,690.0,36.9,490,0.158
G9,720.0,36.9,490,0.157
G9,750.0,36.9,490,0.155
G9,780.0,36.9,490,0.156
G9,810.0,36.9,490,0.156
G9,840.0,36.9,490,0.156
G9,870.0,36.9,490,0.157
G9,900.0,36.9,490,0.154
G10,0.0,36.9,490,0.044
G10,30.0,36.9,490,0.043
G10,60.0,36.9,490,0.042
G10,90.0,36.9,490,0.042
G10,120.0,36.9,490,0.042
G10,150.0,36.9,490,0.043
G10,180.0,36.9,490,0.042
G10,210.0,36.9,490,0.041
G10,240.0,36.9,490,0.041
G10,270.0,36.9,490,0.041
G10,300.0,36.9,490,0.041
G10,330.0,36.9,490,0.042
G10,360.0,36.9,490,0.042
G10,390.0,36.9,490,0.044
G10,420.0,36.9,490,0.042
G10,450.0,36.9,490,0.042
G10,480.0,36.9,490,0.044
G10,510.0,36.9,490,0.04
G10,540.0,36.9,490,0.042
G10,570.0,36.9,490,0.041
G10,600.0,36.9,490,0.041
G10,630.0,36.9,490,0.041
G10,660.0,36.9,490,0.041
G10,690.0,36.9,490,0.041
G10,720.0,36.9,490,0.043
G10,750.0,36.9,490,0.041
G10,780.0,36.9,490,0.042
G10,810.0,36.9,490,0.042
G10,840.0,36.9,490,0.042
G10,870.0,36.9,490,0.043
G10,900.0,36.9,490,0.041
G11,0.0,36.9,490,0.169
G11,30.0,36.9,490,0.169
G11,60.0,36.9,490,0.169
G11,90.0,36.9,490,0.169
G11,120.0,36.9,490,0.168
G11,150.0,36.9,490,0.168
G11,180.0,36.9,490,0.169
G11,210.0,36.9,490,0.168
G11,240.0,36.9,490,0.167
G11,270.0,36.9,490,0.168
G11,300.0,36.9,490,0.167
G11,330.0,36.9,490,0.169
G11,360.0,36.9,490,0.168
G11,390.0,36.9,490,0.17
G11,420.0,36.9,490,0.167
G11,450.0,36.9,490,0.167
G11,480.0,36.9,490,0.169
G11,510.0,36.9,490,0.165
G11,540.0,36.9,490,0.166
G11,570.0,36.9,490,0.166
G11,600.0,36.9,490,0.165
G11,630.0,36.9,490,0.166
G11,660.0,36.9,490,0.165
G11,690.0,36.9,490,0.165
G11,720.0,36.9,490,0.166
G11,750.0,36.9,490,0.166
G11,780.0,36.9,490,0.165
G11,810.0,36.9,490,0.165
G11,840.0,36.9,490,0.164
G11,870.0,36.9,490,0.165
G11,900.0,36.9,490,0.163
G12,0.0,36.9,490,0.041
G12,30.0,36.9,490,0.041
G12,60.0,36.9,490,0.039
G12,90.0,36.9,490,0.039
G12,120.0,36.9,490,0.04
G12,150.0,36.9,490,0.041
G12,180.0,36.9,490,0.041
G12,210.0,36.9,490,0.04
G12,240.0,36.9,490,0.041
G12,270.0,36.9,490,0.041
G12,300.0,36.9,490,0.04
G12,330.0,36.9,490,0.041
G12,360.0,36.9,490,0.04
G12,390.0,36.9,490,0.042
G12,420.0,36.9,490,0.04
G12,450.0,36.9,490,0.04
G12,480.0,36.9,490,0.042
G12,510.0,36.9,490,0.037
G12,540.0,36.9,490,0.04
G12,570.0,36.9,490,0.04
G12,600.0,36.9,490,0.04
G12,630.0,36.9,490,0.04
G12,660.0,36.9,490,0.04
G12,690.0,36.9,490,0.039
G12,720.0,36.9,490,0.04
G12,750.0,36.9,490,0.04
G12,780.0,36.9,490,0.041
G12,810.0,36.9,490,0.04
G12,840.0,36.9,490,0.04
G12,870.0,36.9,490,0.041
G12,900.0,36.9,490,0.038
H1,0.0,36.9,490,0.04
H1,30.0,36.9,490,0.04
H1,60.0,36.9,490,0.04
H1,90.0,36.9,490,0.04
H1,120.0,36.9,490,0.039
H1,150.0,36.9,490,0.041
H1,180.0,36.9,490,0.04
H1,210.0,36.9,490,0.04
H1,240.0,36.9,490,0.04
H1,270.0,36.9,490,0.04
H1,300.0,36.9,490,0.04
H1,330.0,36.9,490,0.04
H1,360.0,36.9,490,0.041
H1,390.0,36.9,490,0.04
H1,420.0,36.9,490,0.04
H1,450.0,36.9,490,0.04
H1,480.0,36.9,490,0.041
H1,510.0,36.9,490,0.04
H1,540.0,36.9,490,0.04
H1,570.0,36.9,490,0.04
H1,600.0,36.9,490,0.041
H1,630.0,36.9,490,0.039
H1,660.0,36.9,490,0.04
H1,690.0,36.9,490,0.04
H1,720.0,36.9,490,0.04
H1,750.0,36.9,490,0.04
H1,780.0,36.9,490,0.04
H1,810.0,36.9,490,0.04
H1,840.0,36.9,490,0.039
H1,870.0,36.9,490,0.041
H1,900.0,36.9,490,0.04
H2,0.0,36.9,490,0.041
H2,30.0,36.9,490,0.04
H2,60.0,36.9,490,0.04
H2,90.0,36.9,490,0.041
H2,120.0,36.9,490,0.04
H2,150.0,36.9,490,0.041
H2,180.0,36.9,490,0.04
H2,210.0,36.9,490,0.04
H2,240.0,36.9,490,0.041
H2,270.0,36.9,490,0.041
H2,300.0,36.9,490,0.04
H2,330.0,36.9,490,0.04
H2,360.0,36.9,490,0.041
H2,390.0,36.9,490,0.041
H2,420.0,36.9,490,0.04
H2,450.0,36.9,490,0.041
H2,480.0,36.9,490,0.041
H2,510.0,36.9,490,0.04
H2,540.0,36.9,490,0.041
H2,570.0,36.9,490,0.04
H2,600.0,36.9,490,0.041
H2,630.0,36.9,490,0.039
H2,660.0,36.9,490,0.04
H2,690.0,36.9,490,0.041
H2,720.0,36.9,490,0.04
H2,750.0,36.9,490,0.04
H2,780.0,36.9,490,0.04
H2,810.0,36.9,490,0.04
H2,840.0,36.9,490,0.04
H2,870.0,36.9,490,0.041
H2,900.0,36.9,490,0.041
H3,0.0,36.9,490,0.04
H3,30.0,36.9,490,0.04
H3,60.0,36.9,490,0.04
H3,90.0,36.9,490,0.04
H3,120.0,36.9,490,0.04
H3,150.0,36.9,490,0.041
H3,180.0,36.9,490,0.042
H3,210.0,36.9,490,0.041
H3,240.0,36.9,490,0.041
H3,270.0,36.9,490,0.041
H3,300.0,36.9,490,0.041
H3,330.0,36.9,490,0.041
H3,360.0,36.9,490,0.041
H3,390.0,36.9,490,0.041
H3,420.0,36.9,490,0.041
H3,450.0,36.9,490,0.042
H3,480.0,36.9,490,0.041
H3,510.0,36.9,490,0.041
H3,540.0,36.9,490,0.041
H3,570.0,36.9,490,0.041
H3,600.0,36.9,490,0.041
H3,630.0,36.9,490,0.04
H3,660.0,36.9,490,0.041
H3,690.0,36.9,490,0.041
H3,720.0,36.9,490,0.041
H3,750.0,36.9,490,0.04
H3,780.0,36.9,490,0.041
H3,810.0,36.9,490,0.039
H3,840.0,36.9,490,0.039
H3,870.0,36.9,490,0.04
H3,900.0,36.9,490,0.04
H4,0.0,36.9,490,0.04
H4,30.0,36.9,490,0.04
H4,60.0,36.9,490,0.04
H4,90.0,36.9,490,0.041
H4,120.0,36.9,490,0.04
H4,150.0,36.9,490,0.041
H4,180.0,36.9,490,0.041
H4,210.0,36.9,490,0.041
H4,240.0,36.9,490,0.04
H4,270.0,36.9,490,0.041
H4,300.0,36.9,490,0.04
H4,330.0,36.9,490,0.04
H4,360.0,36.9,490,0.041
H4,390.0,36.9,490,0.04
H4,420.0,36.9,490,0.041
H4,450.0,36.9,490,0.041
H4,480.0,36.9,490,0.041
H4,510.0,36.9,490,0.041
H4,540.0,36.9,490,0.04
H4,570.0,36.9,490,0.04
H4,600.0,36.9,490,0.04
H4,630.0,36.9,490,0.04
H4,660.0,36.9,490,0.04
H4,690.0,36.9,490,0.041
H4,720.0,36.9,490,0.04
H4,750.0,36.9,490,0.04
H4,780.0,36.9,490,0.04
H4,810.0,36.9,490,0.039
H4,840.0,36.9,490,0.039
H4,870.0,36.9,490,0.039
H4,900.0,36.9,490,0.039
H5,0.0,36.9,490,0.039
H5,30.0,36.9,490,0.04
H5,60.0,36.9,490,0.04
H5,90.0,36.9,490,0.04
H5,120.0,36.9,490,0.04
H5,150.0,36.9,490,0.04
H5,180.0,36.9,490,0.041
H5,210.0,36.9,490,0.04
H5,240.0,36.9,490,0.041
H5,270.0,36.9,490,0.041
H5,300.0,36.9,490,0.041
H5,330.0,36.9,490,0.04
H5,360.0,36.9,490,0.041
H5,390.0,36.9,490,0.04
H5,420.0,36.9,490,0.041
H5,450.0,36.9,490,0.04
H5,480.0,36.9,490,0.04
H5,510.0,36.9,490,0.04
H5,540.0,36.9,490,0.04
H5,570.0,36.9,490,0.039
H5,600.0,36.9,490,0.04
H5,630.0,36.9,490,0.04
H5,660.0,36.9,490,0.039
H5,690.0,36.9,490,0.04
H5,720.0,36.9,490,0.04
H5,750.0,36.9,490,0.039
H5,780.0,36.9,490,0.039
H5,810.0,36.9,490,0.04
H5,840.0,36.9,490,0.039
H5,870.0,36.9,490,0.04
H5,900.0,36.9,490,0.039
H6,0.0,36.9,490,0.04
H6,30.0,36.9,490,0.04
H6,60.0,36.9,490,0.041
H6,90.0,36.9,490,0.04
H6,120.0,36.9,490,0.04
H6,150.0,36.9,490,0.041
H6,180.0,36.9,490,0.041
H6,210.0,36.9,490,0.041
H6,240.0,36.9,490,0.042
H6,270.0,36.9,490,0.041
H6,300.0,36.9,490,0.041
H6,330.0,36.9,490,0.04
H6,360.0,36.9,490,0.041
H6,390.0,36.9,490,0.041
H6,420.0,36.9,490,0.041
H6,450.0,36.9,490,0.041
H6,480.0,36.9,490,0.041
H6,510.0,36.9,490,0.041
H6,540.0,36.9,490,0.041
H6,570.0,36.9,490,0.04
H6,600.0,36.9,490,0.041
H6,630.0,36.9,490,0.041
H6,660.0,36.9,490,0.04
H6,690.0,36.9,490,0.041
H6,720.0,36.9,490,0.041
H6,750.0,36.9,490,0.04
H6,780.0,36.9,490,0.039
H6,810.0,36.9,490,0.04
H6,840.0,36.9,490,0.04
H6,870.0,36.9,490,0.04
H6,900.0,36.9,490,0.04
H7,0.0,36.9,490,0.041
H7,30.0,36.9,490,0.041
H7,60.0,36.9,490,0.042
H7,90.0,36.9,490,0.042
H7,120.0,36.9,490,0.042
H7,150.0,36.9,490,0.043
H7,180.0,36.9,490,0.042
H7,210.0,36.9,490,0.042
H7,240.0,36.9,490,0.043
H7,270.0,36.9,490,0.042
H7,300.0,36.9,490,0.043
H7,330.0,36.9,490,0.042
H7,360.0,36.9,490,0.042
H7,390.0,36.9,490,0.042
H7,420.0,36.9,490,0.042
H7,450.0,36.9,490,0.042
H7,480.0,36.9,490,0.043
H7,510.0,36.9,490,0.042
H7,540.0,36.9,490,0.042
H7,570.0,36.9,490,0.041
H7,600.0,36.9,490,0.042
H7,630.0,36.9,490,0.042
H7,660.0,36.9,490,0.042
H7,690.0,36.9,490,0.042
H7,720.0,36.9,490,0.041
H7,750.0,36.9,490,0.04
H7,780.0,36.9,490,0.041
H7,810.0,36.9,490,0.041
H7,840.0,36.9,490,0.042
H7,870.0,36.9,490,0.042
H7,900.0,36.9,490,0.04
H8,0.0,36.9,490,0.04
H8,30.0,36.9,490,0.039
H8,60.0,36.9,490,0.04
H8,90.0,36.9,490,0.04
H8,120.0,36.9,490,0.04
H8,150.0,36.9,490,0.041
H8,180.0,36.9,490,0.041
H8,210.0,36.9,490,0.04
H8,240.0,36.9,490,0.041
H8,270.0,36.9,490,0.04
H8,300.0,36.9,490,0.041
H8,330.0,36.9,490,0.04
H8,360.0,36.9,490,0.041
H8,390.0,36.9,490,0.04
H8,420.0,36.9,490,0.04
H8,450.0,36.9,490,0.041
H8,480.0,36.9,490,0.041
H8,510.0,36.9,490,0.04
H8,540.0,36.9,490,0.04
H8,570.0,36.9,490,0.04
H8,600.0,36.9,490,0.041
H8,630.0,36.9,490,0.04
H8,660.0,36.9,490,0.04
H8,690.0,36.9,490,0.04
H8,720.0,36.9,490,0.04
H8,750.0,36.9,490,0.039
H8,780.0,36.9,490,0.039
H8,810.0,36.9,490,0.039
H8,840.0,36.9,490,0.04
H8,870.0,36.9,490,0.041
H8,900.0,36.9,490,0.039
H9,0.0,36.9,490,0.04
H9,30.0,36.9,490,0.04
H9,60.0,36.9,490,0.04
H9,90.0,36.9,490,0.04
H9,120.0,36.9,490,0.04
H9,150.0,36.9,490,0.041
H9,180.0,36.9,490,0.041
H9,210.0,36.9,490,0.04
H9,240.0,36.9,490,0.042
H9,270.0,36.9,490,0.041
H9,300.0,36.9,490,0.041
H9,330.0,36.9,490,0.041
H9,360.0,36.9,490,0.041
H9,390.0,36.9,490,0.04
H9,420.0,36.9,490,0.042
H9,450.0,36.9,490,0.041
H9,480.0,36.9,490,0.041
H9,510.0,36.9,490,0.041
H9,540.0,36.9,490,0.041
H9,570.0,36.9,490,0.04
H9,600.0,36.9,490,0.041
H9,630.0,36.9,490,0.04
H9,660.0,36.9,490,0.039
H9,690.0,36.9,490,0.04
H9,720.0,36.9,490,0.04
H9,750.0,36.9,490,0.04
H9,780.0,36.9,490,0.039
H9,810.0,36.9,490,0.041
H9,840.0,36.9,490,0.04
H9,870.0,36.9,490,0.041
H9,900.0,36.9,490,0.04
H10,0.0,36.9,490,0.04
H10,30.0,36.9,490,0.04
H10,60.0,36.9,490,0.04
H10,90.0,36.9,490,0.041
H10,120.0,36.9,490,0.04
H10,150.0,36.9,490,0.041
H10,180.0,36.9,490,0.041
H10,210.0,36.9,490,0.04
H10,240.0,36.9,490,0.042
H10,270.0,36.9,490,0.041
H10,300.0,36.9,490,0.042
H10,330.0,36.9,490,0.04
H10,360.0,36.9,490,0.041
H10,390.0,36.9,490,0.04
H10,420.0,36.9,490,0.041
H10,450.0,36.9,490,0.041
H10,480.0,36.9,490,0.041
H10,510.0,36.9,490,0.041
H10,540.0,36.9,490,0.04
H10,570.0,36.9,490,0.041
H10,600.0,36.9,490,0.041
H10,630.0,36.9,490,0.04
H10,660.0,36.9,490,0.04
H10,690.0,36.9,490,0.041
H10,720.0,36.9,490,0.04
H10,750.0,36.9,490,0.04
H10,780.0,36.9,490,0.04
H10,810.0,36.9,490,0.041
H10,840.0,36.9,490,0.04
H10,870.0,36.9,490,0.041
H10,900.0,36.9,490,0.04
H11,0.0,36.9,490,0.04
H11,30.0,36.9,490,0.04
H11,60.0,36.9,490,0.041
H11,90.0,36.9,490,0.041
H11,120.0,36.9,490,0.04
H11,150.0,36.9,490,0.041
H11,180.0,36.9,490,0.041
H11,210.0,36.9,490,0.04
H11,240.0,36.9,490,0.041
H11,270.0,36.9,490,0.041
H11,300.0,36.9,490,0.041
H11,330.0,36.9,490,0.04
H11,360.0,36.9,490,0.041
H11,390.0,36.9,490,0.04
H11,420.0,36.9,490,0.041
H11,450.0,36.9,490,0.041
H11,480.0,36.9,490,0.041
H11,510.0,36.9,490,0.041
H11,540.0,36.9,490,0.04
H11,570.0,36.9,490,0.04
H11,600.0,36.9,490,0.04
H11,630.0,36.9,490,0.04
H11,660.0,36.9,490,0.04
H11,690.0,36.9,490,0.04
H11,720.0,36.9,490,0.04
H11,750.0,36.9,490,0.04
H11,780.0,36.9,490,0.04
H11,810.0,36.9,490,0.041
H11,840.0,36.9,490,0.04
H11,870.0,36.9,490,0.041
H11,900.0,36.9,490,0.04
H12,0.0,36.9,490,0.04
H12,30.0,36.9,490,0.04
H12,60.0,36.9,490,0.04
H12,90.0,36.9,490,0.041
H12,120.0,36.9,490,0.04
H12,150.0,36.9,490,0.041
H12,180.0,36.9,490,0.041
H12,210.0,36.9,490,0.04
H12,240.0,36.9,490,0.042
H12,270.0,36.9,490,0.041
H12,300.0,36.9,490,0.041
H12,330.0,36.9,490,0.041
H12,360.0,36.9,490,0.041
H12,390.0,36.9,490,0.04
H12,420.0,36.9,490,0.04
H12,450.0,36.9,490,0.041
H12,480.0,36.9,490,0.041
H12,510.0,36.9,490,0.041
H12,540.0,36.9,490,0.041
H12,570.0,36.9,490,0.04
H12,600.0,36.9,490,0.041
H12,630.0,36.9,490,0.04
H12,660.0,36.9,490,0.04
H12,690.0,36.9,490,0.04
H12,720.0,36.9,490,0.04
H12,750.0,36.9,490,0.039
H12,780.0,36.9,490,0.04
H12,810.0,36.9,490,0.04
H12,840.0,36.9,490,0.04
H12,870.0,36.9,490,0.041
H12,900.0,36.9,490,0.04
